,0,1,2,3,4,5,6,7,8,9,10,11,12,13,14,15,16,17,18,19,20,21,22,23,24,25,26,27,28,29,30,31,32,33,34,35,36,37,38,39,40,41,42,43,44,45,46,47,48,49,50,51,52,53,54,55,56,57,58,59,60,61,62,63,64,65,66,67,68,69,70,71,72,73,74
ad,56.0,0.0,150.0,134.0,90.0,99.0,252.0,224.0,22.0,230.0,106.0,47.0,216.0,28.0,63.0,56.0,0.0,150.0,131.0,86.0,104.0,223.0,175.0,64.0,227.0,103.0,51.0,216.0,28.0,63.0,56.0,0.0,150.0,121.0,76.0,119.0,219.0,131.0,67.0,217.0,93.0,67.0,216.0,28.0,63.0,56.0,0.0,150.0,130.0,85.0,106.0,222.0,194.0,71.0,226.0,102.0,53.0,216.0,28.0,63.0,56.0,0.0,150.0,134.0,90.0,99.0,252.0,224.0,22.0,230.0,106.0,47.0,216.0,28.0,63.0
ae,206.0,17.0,38.0,51.0,120.0,9.0,0.0,154.0,0.0,0.0,154.0,0.0,0.0,154.0,0.0,206.0,17.0,38.0,115.0,145.0,74.0,86.0,188.0,86.0,86.0,188.0,86.0,86.0,188.0,86.0,206.0,17.0,38.0,243.0,196.0,201.0,255.0,255.0,255.0,255.0,255.0,255.0,255.0,255.0,255.0,206.0,17.0,38.0,114.0,67.0,73.0,84.0,84.0,84.0,84.0,84.0,84.0,84.0,84.0,84.0,206.0,17.0,38.0,51.0,4.0,9.0,0.0,0.0,0.0,0.0,0.0,0.0,0.0,0.0,0.0
af,0.0,0.0,0.0,64.0,0.0,0.0,191.0,0.0,0.0,63.0,102.0,0.0,0.0,153.0,0.0,0.0,0.0,0.0,64.0,2.0,2.0,200.0,37.0,35.0,64.0,104.0,2.0,0.0,153.0,0.0,0.0,0.0,0.0,70.0,30.0,25.0,213.0,104.0,90.0,69.0,132.0,25.0,0.0,153.0,0.0,0.0,0.0,0.0,65.0,4.0,4.0,207.0,72.0,67.0,64.0,106.0,4.0,0.0,153.0,0.0,0.0,0.0,0.0,64.0,0.0,0.0,191.0,0.0,0.0,63.0,102.0,0.0,0.0,153.0,0.0
ag,52.0,4.0,10.0,3.0,2.0,0.0,39.0,32.0,3.0,3.0,2.0,0.0,52.0,4.0,10.0,155.0,13.0,29.0,44.0,41.0,12.0,224.0,190.0,28.0,44.0,41.0,12.0,155.0,13.0,29.0,206.0,17.0,38.0,52.0,90.0,158.0,0.0,114.0,198.0,52.0,90.0,158.0,206.0,17.0,38.0,206.0,17.0,38.0,213.0,73.0,91.0,244.0,249.0,253.0,213.0,73.0,91.0,206.0,17.0,38.0,206.0,17.0,38.0,206.0,17.0,38.0,231.0,136.0,147.0,206.0,17.0,38.0,206.0,17.0,38.0
al,206.0,17.0,38.0,206.0,17.0,38.0,204.0,17.0,38.0,206.0,17.0,38.0,206.0,17.0,38.0,206.0,17.0,38.0,153.0,13.0,28.0,46.0,4.0,8.0,153.0,13.0,28.0,206.0,17.0,38.0,206.0,17.0,38.0,156.0,13.0,29.0,27.0,2.0,5.0,156.0,13.0,29.0,206.0,17.0,38.0,206.0,17.0,38.0,190.0,16.0,35.0,121.0,10.0,22.0,190.0,16.0,35.0,206.0,17.0,38.0,206.0,17.0,38.0,206.0,17.0,38.0,206.0,17.0,38.0,206.0,17.0,38.0,206.0,17.0,38.0
am,255.0,0.0,0.0,255.0,0.0,0.0,255.0,0.0,0.0,255.0,0.0,0.0,255.0,0.0,0.0,169.0,0.0,57.0,169.0,0.0,57.0,169.0,0.0,57.0,169.0,0.0,57.0,169.0,0.0,57.0,0.0,0.0,170.0,0.0,0.0,170.0,0.0,0.0,170.0,0.0,0.0,170.0,0.0,0.0,170.0,171.0,103.0,56.0,171.0,103.0,56.0,171.0,103.0,56.0,171.0,103.0,56.0,171.0,103.0,56.0,255.0,153.0,0.0,255.0,153.0,0.0,255.0,153.0,0.0,255.0,153.0,0.0,255.0,153.0,0.0
ao,206.0,17.0,38.0,206.0,17.0,38.0,206.0,17.0,38.0,206.0,17.0,38.0,206.0,17.0,38.0,206.0,17.0,38.0,206.0,17.0,38.0,214.0,54.0,35.0,209.0,32.0,37.0,206.0,17.0,38.0,103.0,8.0,19.0,103.0,8.0,19.0,136.0,52.0,20.0,131.0,48.0,20.0,103.0,8.0,19.0,0.0,0.0,0.0,0.0,0.0,0.0,87.0,75.0,8.0,36.0,31.0,3.0,0.0,0.0,0.0,0.0,0.0,0.0,0.0,0.0,0.0,0.0,0.0,0.0,2.0,2.0,0.0,0.0,0.0,0.0
ar,117.0,170.0,219.0,117.0,170.0,219.0,117.0,170.0,219.0,117.0,170.0,219.0,117.0,170.0,219.0,163.0,198.0,231.0,163.0,198.0,231.0,162.0,196.0,227.0,163.0,198.0,231.0,163.0,198.0,231.0,255.0,255.0,255.0,255.0,255.0,255.0,237.0,207.0,164.0,255.0,255.0,255.0,255.0,255.0,255.0,163.0,198.0,231.0,163.0,198.0,231.0,162.0,196.0,227.0,163.0,198.0,231.0,163.0,198.0,231.0,117.0,170.0,219.0,117.0,170.0,219.0,117.0,170.0,219.0,117.0,170.0,219.0,117.0,170.0,219.0
at,216.0,30.0,5.0,216.0,30.0,5.0,216.0,30.0,5.0,216.0,30.0,5.0,216.0,30.0,5.0,229.0,105.0,88.0,229.0,105.0,88.0,229.0,105.0,88.0,229.0,105.0,88.0,229.0,105.0,88.0,255.0,255.0,255.0,255.0,255.0,255.0,255.0,255.0,255.0,255.0,255.0,255.0,255.0,255.0,255.0,229.0,105.0,88.0,229.0,105.0,88.0,229.0,105.0,88.0,229.0,105.0,88.0,229.0,105.0,88.0,216.0,30.0,5.0,216.0,30.0,5.0,216.0,30.0,5.0,216.0,30.0,5.0,216.0,30.0,5.0
au,150.0,115.0,172.0,179.0,95.0,136.0,83.0,63.0,157.0,19.0,19.0,148.0,0.0,0.0,139.0,216.0,72.0,94.0,243.0,72.0,79.0,95.0,27.0,114.0,4.0,4.0,141.0,19.0,19.0,148.0,62.0,38.0,143.0,63.0,32.0,136.0,52.0,32.0,143.0,24.0,24.0,150.0,7.0,7.0,142.0,3.0,3.0,140.0,76.0,76.0,174.0,0.0,0.0,139.0,2.0,2.0,140.0,0.0,0.0,139.0,0.0,0.0,139.0,18.0,18.0,147.0,0.0,0.0,139.0,20.0,20.0,148.0,0.0,0.0,139.0
az,0.0,146.0,199.0,0.0,146.0,199.0,0.0,146.0,199.0,0.0,146.0,199.0,0.0,146.0,199.0,78.0,99.0,151.0,78.0,99.0,151.0,79.0,111.0,161.0,78.0,99.0,151.0,78.0,99.0,151.0,234.0,4.0,55.0,234.0,5.0,56.0,240.0,71.0,108.0,234.0,4.0,55.0,234.0,4.0,55.0,77.0,118.0,88.0,77.0,118.0,88.0,78.0,130.0,98.0,77.0,118.0,88.0,77.0,118.0,88.0,0.0,174.0,104.0,0.0,174.0,104.0,0.0,174.0,104.0,0.0,174.0,104.0,0.0,174.0,104.0
ba,34.0,34.0,155.0,150.0,134.0,111.0,247.0,209.0,23.0,208.0,176.0,45.0,23.0,23.0,150.0,23.0,23.0,150.0,80.0,79.0,169.0,224.0,190.0,37.0,208.0,176.0,45.0,23.0,23.0,150.0,23.0,23.0,150.0,30.0,30.0,153.0,157.0,141.0,114.0,208.0,176.0,45.0,23.0,23.0,150.0,23.0,23.0,150.0,23.0,23.0,150.0,77.0,75.0,167.0,185.0,158.0,59.0,23.0,23.0,150.0,23.0,23.0,150.0,23.0,23.0,150.0,31.0,31.0,154.0,119.0,110.0,136.0,23.0,23.0,150.0
bb,0.0,38.0,127.0,85.0,92.0,97.0,255.0,199.0,38.0,85.0,92.0,97.0,0.0,38.0,127.0,0.0,38.0,127.0,74.0,83.0,95.0,211.0,165.0,31.0,74.0,83.0,95.0,0.0,38.0,127.0,0.0,38.0,127.0,83.0,90.0,97.0,126.0,98.0,19.0,83.0,90.0,97.0,0.0,38.0,127.0,0.0,38.0,127.0,85.0,92.0,97.0,211.0,165.0,31.0,85.0,92.0,97.0,0.0,38.0,127.0,0.0,38.0,127.0,85.0,92.0,97.0,255.0,199.0,38.0,85.0,92.0,97.0,0.0,38.0,127.0
bd,0.0,106.0,78.0,3.0,105.0,78.0,21.0,101.0,77.0,0.0,106.0,78.0,0.0,106.0,78.0,0.0,106.0,78.0,126.0,73.0,71.0,231.0,45.0,66.0,17.0,101.0,77.0,0.0,106.0,78.0,0.0,106.0,78.0,179.0,59.0,68.0,244.0,42.0,65.0,57.0,91.0,75.0,0.0,106.0,78.0,0.0,106.0,78.0,126.0,73.0,71.0,231.0,45.0,66.0,17.0,101.0,77.0,0.0,106.0,78.0,0.0,106.0,78.0,3.0,105.0,78.0,21.0,101.0,77.0,0.0,106.0,78.0,0.0,106.0,78.0
be,0.0,0.0,0.0,85.0,74.0,0.0,255.0,222.0,0.0,244.0,74.0,0.0,238.0,0.0,0.0,0.0,0.0,0.0,85.0,74.0,0.0,255.0,222.0,0.0,244.0,74.0,0.0,238.0,0.0,0.0,0.0,0.0,0.0,85.0,74.0,0.0,255.0,222.0,0.0,244.0,74.0,0.0,238.0,0.0,0.0,0.0,0.0,0.0,85.0,74.0,0.0,255.0,222.0,0.0,244.0,74.0,0.0,238.0,0.0,0.0,0.0,0.0,0.0,85.0,74.0,0.0,255.0,222.0,0.0,244.0,74.0,0.0,238.0,0.0,0.0
bf,239.0,43.0,45.0,239.0,43.0,45.0,239.0,43.0,45.0,239.0,43.0,45.0,239.0,43.0,45.0,239.0,43.0,45.0,239.0,43.0,45.0,239.0,47.0,44.0,239.0,43.0,45.0,239.0,43.0,45.0,119.0,101.0,59.0,119.0,101.0,59.0,177.0,154.0,42.0,119.0,101.0,59.0,119.0,101.0,59.0,0.0,158.0,73.0,0.0,158.0,73.0,5.0,159.0,72.0,0.0,158.0,73.0,0.0,158.0,73.0,0.0,158.0,73.0,0.0,158.0,73.0,0.0,158.0,73.0,0.0,158.0,73.0,0.0,158.0,73.0
bg,255.0,255.0,255.0,255.0,255.0,255.0,255.0,255.0,255.0,255.0,255.0,255.0,255.0,255.0,255.0,170.0,220.0,207.0,170.0,220.0,207.0,170.0,220.0,207.0,170.0,220.0,207.0,170.0,220.0,207.0,0.0,150.0,110.0,0.0,150.0,110.0,0.0,150.0,110.0,0.0,150.0,110.0,0.0,150.0,110.0,143.0,75.0,49.0,143.0,75.0,49.0,143.0,75.0,49.0,143.0,75.0,49.0,143.0,75.0,49.0,214.0,38.0,18.0,214.0,38.0,18.0,214.0,38.0,18.0,214.0,38.0,18.0,214.0,38.0,18.0
bh,255.0,255.0,255.0,237.0,166.0,174.0,206.0,17.0,38.0,206.0,17.0,38.0,206.0,17.0,38.0,255.0,255.0,255.0,237.0,166.0,174.0,206.0,17.0,38.0,206.0,17.0,38.0,206.0,17.0,38.0,255.0,255.0,255.0,237.0,166.0,174.0,206.0,17.0,38.0,206.0,17.0,38.0,206.0,17.0,38.0,255.0,255.0,255.0,237.0,166.0,174.0,206.0,17.0,38.0,206.0,17.0,38.0,206.0,17.0,38.0,255.0,255.0,255.0,237.0,166.0,174.0,206.0,17.0,38.0,206.0,17.0,38.0,206.0,17.0,38.0
bi,204.0,197.0,178.0,210.0,35.0,54.0,206.0,17.0,38.0,210.0,35.0,54.0,204.0,197.0,178.0,47.0,187.0,73.0,204.0,200.0,181.0,235.0,193.0,194.0,204.0,200.0,181.0,47.0,187.0,73.0,30.0,181.0,58.0,105.0,205.0,123.0,239.0,219.0,217.0,105.0,205.0,123.0,30.0,181.0,58.0,47.0,187.0,73.0,204.0,200.0,180.0,241.0,209.0,210.0,204.0,200.0,180.0,47.0,187.0,73.0,204.0,197.0,178.0,210.0,35.0,54.0,206.0,17.0,38.0,210.0,35.0,54.0,204.0,197.0,178.0
bj,0.0,135.0,81.0,0.0,135.0,81.0,252.0,209.0,22.0,252.0,209.0,22.0,252.0,209.0,22.0,0.0,135.0,81.0,0.0,135.0,81.0,252.0,209.0,22.0,252.0,209.0,22.0,252.0,209.0,22.0,0.0,135.0,81.0,0.0,135.0,81.0,242.0,113.0,34.0,242.0,113.0,34.0,242.0,113.0,34.0,0.0,135.0,81.0,0.0,135.0,81.0,232.0,17.0,45.0,232.0,17.0,45.0,232.0,17.0,45.0,0.0,135.0,81.0,0.0,135.0,81.0,232.0,17.0,45.0,232.0,17.0,45.0,232.0,17.0,45.0
bn,251.0,238.0,126.0,248.0,226.0,39.0,247.0,223.0,23.0,247.0,224.0,23.0,247.0,224.0,23.0,188.0,188.0,187.0,254.0,253.0,245.0,230.0,183.0,118.0,249.0,230.0,68.0,247.0,224.0,23.0,55.0,50.0,5.0,59.0,39.0,40.0,156.0,86.0,91.0,234.0,214.0,216.0,253.0,248.0,203.0,247.0,224.0,23.0,205.0,176.0,20.0,170.0,48.0,27.0,33.0,21.0,14.0,103.0,103.0,102.0,247.0,224.0,23.0,247.0,224.0,23.0,245.0,221.0,23.0,230.0,209.0,21.0,137.0,124.0,13.0
bo,206.0,17.0,38.0,206.0,17.0,38.0,206.0,17.0,38.0,206.0,17.0,38.0,206.0,17.0,38.0,220.0,83.0,33.0,220.0,83.0,33.0,220.0,83.0,33.0,220.0,83.0,33.0,220.0,83.0,33.0,249.0,214.0,22.0,249.0,214.0,22.0,249.0,214.0,22.0,249.0,214.0,22.0,249.0,214.0,22.0,83.0,153.0,48.0,83.0,153.0,48.0,83.0,153.0,48.0,83.0,153.0,48.0,83.0,153.0,48.0,0.0,122.0,61.0,0.0,122.0,61.0,0.0,122.0,61.0,0.0,122.0,61.0,0.0,122.0,61.0
br,0.0,146.0,63.0,0.0,146.0,63.0,42.0,154.0,52.0,0.0,146.0,63.0,0.0,146.0,63.0,0.0,146.0,63.0,101.0,155.0,44.0,108.0,79.0,76.0,100.0,153.0,43.0,0.0,146.0,63.0,75.0,161.0,44.0,184.0,146.0,44.0,71.0,62.0,131.0,188.0,151.0,47.0,75.0,161.0,44.0,0.0,146.0,63.0,100.0,153.0,43.0,109.0,81.0,78.0,101.0,154.0,44.0,0.0,146.0,63.0,0.0,146.0,63.0,0.0,146.0,63.0,42.0,154.0,52.0,0.0,146.0,63.0,0.0,146.0,63.0
bs,0.0,97.0,114.0,0.0,171.0,201.0,0.0,171.0,201.0,0.0,171.0,201.0,0.0,171.0,201.0,0.0,2.0,2.0,34.0,125.0,120.0,83.0,189.0,156.0,83.0,189.0,156.0,83.0,189.0,156.0,0.0,0.0,0.0,21.0,19.0,5.0,242.0,217.0,64.0,250.0,224.0,66.0,250.0,224.0,66.0,0.0,2.0,2.0,34.0,125.0,120.0,83.0,189.0,156.0,83.0,189.0,156.0,83.0,189.0,156.0,0.0,97.0,114.0,0.0,171.0,201.0,0.0,171.0,201.0,0.0,171.0,201.0,0.0,171.0,201.0
bt,239.0,178.0,45.0,239.0,178.0,45.0,238.0,178.0,49.0,238.0,180.0,55.0,232.0,119.0,43.0,239.0,178.0,45.0,239.0,178.0,45.0,236.0,197.0,111.0,230.0,193.0,181.0,226.0,67.0,47.0,239.0,178.0,45.0,237.0,186.0,72.0,231.0,194.0,167.0,228.0,139.0,128.0,226.0,64.0,43.0,239.0,178.0,47.0,230.0,180.0,129.0,228.0,112.0,97.0,229.0,114.0,100.0,226.0,61.0,40.0,232.0,123.0,47.0,226.0,70.0,50.0,227.0,81.0,62.0,226.0,61.0,40.0,226.0,61.0,40.0
bw,117.0,170.0,219.0,117.0,170.0,219.0,117.0,170.0,219.0,117.0,170.0,219.0,117.0,170.0,219.0,134.0,181.0,223.0,134.0,181.0,223.0,134.0,181.0,223.0,134.0,181.0,223.0,134.0,181.0,223.0,43.0,43.0,43.0,43.0,43.0,43.0,43.0,43.0,43.0,43.0,43.0,43.0,43.0,43.0,43.0,134.0,181.0,223.0,134.0,181.0,223.0,134.0,181.0,223.0,134.0,181.0,223.0,134.0,181.0,223.0,117.0,170.0,219.0,117.0,170.0,219.0,117.0,170.0,219.0,117.0,170.0,219.0,117.0,170.0,219.0
by,222.0,92.0,92.0,204.0,0.0,0.0,204.0,0.0,0.0,204.0,0.0,0.0,204.0,0.0,0.0,219.0,73.0,73.0,204.0,0.0,0.0,204.0,0.0,0.0,204.0,0.0,0.0,204.0,0.0,0.0,220.0,80.0,80.0,204.0,0.0,0.0,204.0,0.0,0.0,204.0,0.0,0.0,204.0,0.0,0.0,157.0,119.0,73.0,67.0,103.0,0.0,67.0,103.0,0.0,67.0,103.0,0.0,67.0,103.0,0.0,131.0,161.0,92.0,0.0,153.0,0.0,0.0,153.0,0.0,0.0,153.0,0.0,0.0,153.0,0.0
bz,74.0,47.0,100.0,87.0,57.0,106.0,160.0,112.0,129.0,88.0,58.0,107.0,74.0,47.0,100.0,0.0,63.0,135.0,118.0,148.0,160.0,137.0,164.0,102.0,117.0,147.0,162.0,0.0,63.0,135.0,0.0,63.0,135.0,177.0,191.0,193.0,208.0,194.0,167.0,169.0,186.0,190.0,0.0,63.0,135.0,0.0,63.0,135.0,119.0,155.0,167.0,157.0,188.0,157.0,119.0,155.0,168.0,0.0,63.0,135.0,74.0,47.0,100.0,89.0,58.0,107.0,158.0,111.0,127.0,89.0,58.0,108.0,74.0,47.0,100.0
ca,255.0,0.0,0.0,255.0,191.0,191.0,255.0,235.0,235.0,255.0,191.0,191.0,255.0,0.0,0.0,255.0,0.0,0.0,255.0,172.0,172.0,255.0,92.0,92.0,255.0,172.0,172.0,255.0,0.0,0.0,255.0,0.0,0.0,255.0,106.0,106.0,255.0,4.0,4.0,255.0,106.0,106.0,255.0,0.0,0.0,255.0,0.0,0.0,255.0,183.0,183.0,255.0,79.0,79.0,255.0,183.0,183.0,255.0,0.0,0.0,255.0,0.0,0.0,255.0,191.0,191.0,255.0,244.0,244.0,255.0,191.0,191.0,255.0,0.0,0.0
cd,43.0,172.0,187.0,9.0,165.0,214.0,0.0,163.0,221.0,30.0,164.0,196.0,176.0,86.0,67.0,92.0,182.0,148.0,21.0,167.0,204.0,61.0,157.0,170.0,197.0,62.0,46.0,144.0,117.0,97.0,0.0,163.0,221.0,102.0,141.0,134.0,207.0,54.0,37.0,102.0,141.0,134.0,0.0,163.0,221.0,144.0,117.0,97.0,197.0,62.0,46.0,61.0,157.0,170.0,0.0,163.0,221.0,0.0,163.0,221.0,176.0,86.0,67.0,30.0,164.0,196.0,0.0,163.0,221.0,0.0,163.0,221.0,0.0,163.0,221.0
cf,52.0,80.0,104.0,5.0,51.0,127.0,175.0,21.0,65.0,0.0,48.0,130.0,0.0,48.0,130.0,194.0,205.0,223.0,192.0,204.0,223.0,207.0,47.0,81.0,191.0,203.0,224.0,191.0,203.0,224.0,147.0,203.0,147.0,147.0,203.0,147.0,200.0,47.0,68.0,147.0,203.0,147.0,147.0,203.0,147.0,94.0,165.0,30.0,94.0,165.0,30.0,191.0,41.0,48.0,94.0,165.0,30.0,94.0,165.0,30.0,255.0,206.0,0.0,255.0,206.0,0.0,217.0,48.0,43.0,255.0,206.0,0.0,255.0,206.0,0.0
cg,0.0,149.0,67.0,0.0,149.0,67.0,21.0,155.0,68.0,230.0,216.0,73.0,241.0,160.0,60.0,0.0,149.0,67.0,0.0,149.0,67.0,167.0,198.0,72.0,248.0,207.0,70.0,223.0,52.0,35.0,0.0,149.0,67.0,84.0,173.0,69.0,251.0,222.0,74.0,230.0,98.0,45.0,220.0,36.0,31.0,21.0,155.0,68.0,230.0,216.0,73.0,241.0,160.0,60.0,220.0,36.0,31.0,220.0,36.0,31.0,167.0,198.0,72.0,248.0,207.0,70.0,223.0,52.0,35.0,220.0,36.0,31.0,220.0,36.0,31.0
ch,216.0,30.0,5.0,216.0,30.0,5.0,222.0,68.0,47.0,216.0,30.0,5.0,216.0,30.0,5.0,216.0,30.0,5.0,216.0,30.0,5.0,255.0,255.0,255.0,216.0,30.0,5.0,216.0,30.0,5.0,222.0,68.0,47.0,255.0,255.0,255.0,255.0,255.0,255.0,255.0,255.0,255.0,222.0,68.0,47.0,216.0,30.0,5.0,216.0,30.0,5.0,255.0,255.0,255.0,216.0,30.0,5.0,216.0,30.0,5.0,216.0,30.0,5.0,216.0,30.0,5.0,222.0,68.0,47.0,216.0,30.0,5.0,216.0,30.0,5.0
ci,247.0,127.0,0.0,250.0,170.0,85.0,255.0,255.0,255.0,85.0,190.0,149.0,0.0,158.0,96.0,247.0,127.0,0.0,250.0,170.0,85.0,255.0,255.0,255.0,85.0,190.0,149.0,0.0,158.0,96.0,247.0,127.0,0.0,250.0,170.0,85.0,255.0,255.0,255.0,85.0,190.0,149.0,0.0,158.0,96.0,247.0,127.0,0.0,250.0,170.0,85.0,255.0,255.0,255.0,85.0,190.0,149.0,0.0,158.0,96.0,247.0,127.0,0.0,250.0,170.0,85.0,255.0,255.0,255.0,85.0,190.0,149.0,0.0,158.0,96.0
cl,8.0,59.0,176.0,85.0,120.0,200.0,255.0,255.0,255.0,255.0,255.0,255.0,255.0,255.0,255.0,57.0,98.0,191.0,95.0,128.0,204.0,255.0,255.0,255.0,255.0,255.0,255.0,255.0,255.0,255.0,106.0,49.0,95.0,148.0,83.0,109.0,233.0,150.0,136.0,233.0,150.0,136.0,233.0,150.0,136.0,212.0,46.0,18.0,212.0,46.0,18.0,212.0,46.0,18.0,212.0,46.0,18.0,212.0,46.0,18.0,212.0,46.0,18.0,212.0,46.0,18.0,212.0,46.0,18.0,212.0,46.0,18.0,212.0,46.0,18.0
cm,0.0,122.0,94.0,69.0,87.0,75.0,206.0,17.0,38.0,237.0,145.0,27.0,252.0,209.0,22.0,0.0,122.0,94.0,69.0,87.0,75.0,206.0,18.0,38.0,237.0,145.0,27.0,252.0,209.0,22.0,0.0,122.0,94.0,69.0,87.0,75.0,221.0,80.0,33.0,237.0,145.0,27.0,252.0,209.0,22.0,0.0,122.0,94.0,69.0,87.0,75.0,206.0,17.0,38.0,237.0,145.0,27.0,252.0,209.0,22.0,0.0,122.0,94.0,69.0,87.0,75.0,206.0,17.0,38.0,237.0,145.0,27.0,252.0,209.0,22.0
cn,224.0,51.0,15.0,224.0,52.0,15.0,222.0,43.0,16.0,222.0,41.0,16.0,222.0,41.0,16.0,231.0,93.0,11.0,226.0,62.0,14.0,223.0,47.0,15.0,222.0,41.0,16.0,222.0,41.0,16.0,222.0,41.0,16.0,224.0,50.0,15.0,222.0,41.0,16.0,222.0,41.0,16.0,222.0,41.0,16.0,222.0,41.0,16.0,222.0,41.0,16.0,222.0,41.0,16.0,222.0,41.0,16.0,222.0,41.0,16.0,222.0,41.0,16.0,222.0,41.0,16.0,222.0,41.0,16.0,222.0,41.0,16.0,222.0,41.0,16.0
co,252.0,209.0,22.0,252.0,209.0,22.0,252.0,209.0,22.0,252.0,209.0,22.0,252.0,209.0,22.0,252.0,209.0,22.0,252.0,209.0,22.0,252.0,209.0,22.0,252.0,209.0,22.0,252.0,209.0,22.0,125.0,132.0,85.0,125.0,132.0,85.0,125.0,132.0,85.0,125.0,132.0,85.0,125.0,132.0,85.0,52.0,46.0,119.0,52.0,46.0,119.0,52.0,46.0,119.0,52.0,46.0,119.0,52.0,46.0,119.0,206.0,17.0,38.0,206.0,17.0,38.0,206.0,17.0,38.0,206.0,17.0,38.0,206.0,17.0,38.0
cr,42.0,78.0,148.0,42.0,78.0,148.0,42.0,78.0,148.0,42.0,78.0,148.0,42.0,78.0,148.0,239.0,176.0,183.0,239.0,176.0,183.0,239.0,176.0,183.0,239.0,176.0,183.0,239.0,176.0,183.0,206.0,17.0,38.0,206.0,17.0,38.0,206.0,17.0,38.0,206.0,17.0,38.0,206.0,17.0,38.0,239.0,176.0,183.0,239.0,176.0,183.0,239.0,176.0,183.0,239.0,176.0,183.0,239.0,176.0,183.0,42.0,78.0,148.0,42.0,78.0,148.0,42.0,78.0,148.0,42.0,78.0,148.0,42.0,78.0,148.0
cu,90.0,32.0,100.0,0.0,42.0,143.0,0.0,42.0,143.0,0.0,42.0,143.0,0.0,42.0,143.0,208.0,25.0,47.0,240.0,182.0,189.0,255.0,255.0,255.0,255.0,255.0,255.0,255.0,255.0,255.0,221.0,89.0,106.0,190.0,23.0,52.0,6.0,41.0,140.0,0.0,42.0,143.0,0.0,42.0,143.0,208.0,24.0,46.0,240.0,182.0,189.0,255.0,255.0,255.0,255.0,255.0,255.0,255.0,255.0,255.0,90.0,32.0,100.0,0.0,42.0,143.0,0.0,42.0,143.0,0.0,42.0,143.0,0.0,42.0,143.0
cv,0.0,56.0,147.0,0.0,56.0,147.0,0.0,56.0,147.0,0.0,56.0,147.0,0.0,56.0,147.0,0.0,56.0,147.0,10.0,62.0,142.0,1.0,57.0,147.0,0.0,56.0,147.0,0.0,56.0,147.0,123.0,136.0,183.0,134.0,140.0,168.0,133.0,140.0,169.0,123.0,136.0,183.0,123.0,136.0,183.0,175.0,126.0,156.0,175.0,125.0,146.0,175.0,125.0,146.0,175.0,126.0,156.0,175.0,126.0,156.0,0.0,56.0,147.0,20.0,68.0,137.0,10.0,62.0,142.0,0.0,56.0,147.0,0.0,56.0,147.0
cy,255.0,255.0,255.0,255.0,255.0,255.0,255.0,255.0,255.0,255.0,255.0,255.0,255.0,255.0,255.0,255.0,255.0,255.0,255.0,254.0,252.0,249.0,212.0,169.0,253.0,239.0,223.0,255.0,255.0,255.0,255.0,255.0,255.0,249.0,215.0,175.0,242.0,165.0,73.0,254.0,249.0,243.0,255.0,255.0,255.0,255.0,255.0,255.0,243.0,248.0,247.0,210.0,227.0,223.0,243.0,248.0,247.0,255.0,255.0,255.0,255.0,255.0,255.0,255.0,255.0,255.0,254.0,254.0,254.0,255.0,255.0,255.0,255.0,255.0,255.0
cz,136.0,162.0,190.0,255.0,255.0,255.0,255.0,255.0,255.0,255.0,255.0,255.0,255.0,255.0,255.0,17.0,69.0,126.0,136.0,162.0,191.0,255.0,255.0,255.0,255.0,255.0,255.0,255.0,255.0,255.0,17.0,69.0,126.0,17.0,69.0,126.0,180.0,120.0,137.0,235.0,137.0,140.0,235.0,137.0,140.0,17.0,69.0,126.0,116.0,45.0,76.0,215.0,20.0,26.0,215.0,20.0,26.0,215.0,20.0,26.0,116.0,45.0,76.0,215.0,20.0,26.0,215.0,20.0,26.0,215.0,20.0,26.0,215.0,20.0,26.0
de,0.0,0.0,0.0,0.0,0.0,0.0,0.0,0.0,0.0,0.0,0.0,0.0,0.0,0.0,0.0,74.0,0.0,0.0,74.0,0.0,0.0,74.0,0.0,0.0,74.0,0.0,0.0,74.0,0.0,0.0,221.0,0.0,0.0,221.0,0.0,0.0,221.0,0.0,0.0,221.0,0.0,0.0,221.0,0.0,0.0,244.0,137.0,0.0,244.0,137.0,0.0,244.0,137.0,0.0,244.0,137.0,0.0,244.0,137.0,0.0,255.0,206.0,0.0,255.0,206.0,0.0,255.0,206.0,0.0,255.0,206.0,0.0,255.0,206.0,0.0
dj,190.0,222.0,245.0,108.0,179.0,231.0,106.0,178.0,231.0,106.0,178.0,231.0,106.0,178.0,231.0,255.0,255.0,255.0,209.0,231.0,248.0,112.0,181.0,232.0,106.0,178.0,231.0,106.0,178.0,231.0,255.0,225.0,225.0,255.0,237.0,237.0,177.0,223.0,208.0,62.0,175.0,137.0,62.0,175.0,137.0,255.0,255.0,255.0,182.0,230.0,189.0,28.0,176.0,52.0,18.0,173.0,43.0,18.0,173.0,43.0,152.0,219.0,163.0,20.0,174.0,45.0,18.0,173.0,43.0,18.0,173.0,43.0,18.0,173.0,43.0
dk,208.0,12.0,51.0,226.0,104.0,128.0,216.0,51.0,84.0,208.0,12.0,51.0,208.0,12.0,51.0,208.0,12.0,51.0,226.0,104.0,128.0,216.0,51.0,84.0,208.0,12.0,51.0,208.0,12.0,51.0,242.0,186.0,197.0,247.0,212.0,219.0,244.0,197.0,206.0,242.0,186.0,197.0,242.0,186.0,197.0,208.0,12.0,51.0,226.0,104.0,128.0,216.0,51.0,84.0,208.0,12.0,51.0,208.0,12.0,51.0,208.0,12.0,51.0,226.0,104.0,128.0,216.0,51.0,84.0,208.0,12.0,51.0,208.0,12.0,51.0
dm,0.0,149.0,67.0,0.0,149.0,67.0,106.0,152.0,79.0,0.0,149.0,67.0,0.0,149.0,67.0,32.0,156.0,59.0,32.0,154.0,59.0,159.0,73.0,66.0,32.0,154.0,59.0,32.0,156.0,59.0,149.0,134.0,74.0,159.0,122.0,73.0,176.0,31.0,63.0,159.0,122.0,73.0,149.0,134.0,74.0,32.0,162.0,91.0,32.0,160.0,89.0,156.0,77.0,62.0,32.0,160.0,89.0,32.0,162.0,91.0,0.0,149.0,67.0,0.0,149.0,67.0,106.0,152.0,79.0,0.0,149.0,67.0,0.0,149.0,67.0
do,0.0,45.0,98.0,0.0,45.0,98.0,212.0,191.0,204.0,210.0,16.0,52.0,210.0,16.0,52.0,9.0,52.0,104.0,9.0,52.0,104.0,199.0,180.0,193.0,212.0,24.0,59.0,212.0,24.0,59.0,255.0,255.0,255.0,255.0,255.0,255.0,159.0,158.0,158.0,255.0,255.0,255.0,255.0,255.0,255.0,212.0,24.0,59.0,212.0,24.0,59.0,213.0,193.0,205.0,9.0,52.0,104.0,9.0,52.0,104.0,210.0,16.0,52.0,210.0,16.0,52.0,212.0,191.0,204.0,0.0,45.0,98.0,0.0,45.0,98.0
dz,0.0,134.0,56.0,0.0,134.0,56.0,128.0,194.0,156.0,255.0,255.0,255.0,255.0,255.0,255.0,0.0,134.0,56.0,18.0,124.0,52.0,180.0,138.0,117.0,255.0,252.0,252.0,255.0,255.0,255.0,0.0,134.0,56.0,74.0,92.0,39.0,138.0,120.0,86.0,254.0,247.0,247.0,255.0,255.0,255.0,0.0,134.0,56.0,18.0,124.0,52.0,180.0,138.0,117.0,255.0,252.0,252.0,255.0,255.0,255.0,0.0,134.0,56.0,0.0,134.0,56.0,128.0,194.0,156.0,255.0,255.0,255.0,255.0,255.0,255.0
ec,252.0,209.0,22.0,252.0,209.0,22.0,252.0,209.0,22.0,252.0,209.0,22.0,252.0,209.0,22.0,252.0,209.0,22.0,251.0,208.0,25.0,171.0,147.0,38.0,251.0,208.0,25.0,252.0,209.0,22.0,126.0,132.0,85.0,126.0,132.0,85.0,125.0,114.0,86.0,126.0,132.0,85.0,126.0,132.0,85.0,52.0,46.0,120.0,53.0,47.0,120.0,117.0,62.0,77.0,53.0,47.0,120.0,52.0,46.0,120.0,206.0,17.0,38.0,206.0,17.0,38.0,206.0,17.0,38.0,206.0,17.0,38.0,206.0,17.0,38.0
ee,58.0,117.0,196.0,58.0,117.0,196.0,58.0,117.0,196.0,58.0,117.0,196.0,58.0,117.0,196.0,39.0,78.0,131.0,39.0,78.0,131.0,39.0,78.0,131.0,39.0,78.0,131.0,39.0,78.0,131.0,0.0,0.0,0.0,0.0,0.0,0.0,0.0,0.0,0.0,0.0,0.0,0.0,0.0,0.0,0.0,170.0,170.0,170.0,170.0,170.0,170.0,170.0,170.0,170.0,170.0,170.0,170.0,170.0,170.0,170.0,255.0,255.0,255.0,255.0,255.0,255.0,255.0,255.0,255.0,255.0,255.0,255.0,255.0,255.0,255.0
eg,206.0,17.0,38.0,206.0,17.0,38.0,206.0,17.0,38.0,206.0,17.0,38.0,206.0,17.0,38.0,222.0,97.0,111.0,222.0,97.0,111.0,222.0,96.0,108.0,222.0,97.0,111.0,222.0,97.0,111.0,255.0,255.0,255.0,255.0,255.0,255.0,254.0,236.0,157.0,255.0,255.0,255.0,255.0,255.0,255.0,85.0,85.0,85.0,85.0,85.0,85.0,84.0,82.0,72.0,85.0,85.0,85.0,85.0,85.0,85.0,0.0,0.0,0.0,0.0,0.0,0.0,0.0,0.0,0.0,0.0,0.0,0.0,0.0,0.0,0.0
eh,68.0,0.0,0.0,0.0,0.0,0.0,0.0,0.0,0.0,0.0,0.0,0.0,0.0,0.0,0.0,187.0,0.0,0.0,84.0,67.0,67.0,84.0,80.0,80.0,86.0,86.0,86.0,86.0,86.0,86.0,204.0,0.0,0.0,229.0,127.0,127.0,242.0,189.0,189.0,255.0,255.0,255.0,255.0,255.0,255.0,187.0,11.0,0.0,84.0,150.0,66.0,84.0,165.0,80.0,86.0,171.0,86.0,86.0,171.0,86.0,68.0,85.0,0.0,0.0,128.0,0.0,0.0,128.0,0.0,0.0,128.0,0.0,0.0,128.0,0.0
er,180.0,46.0,52.0,72.0,131.0,46.0,18.0,173.0,43.0,19.0,173.0,43.0,19.0,172.0,43.0,237.0,31.0,53.0,241.0,65.0,50.0,180.0,46.0,52.0,72.0,131.0,46.0,18.0,173.0,43.0,238.0,39.0,52.0,243.0,88.0,48.0,234.0,4.0,55.0,234.0,4.0,55.0,138.0,79.0,93.0,237.0,31.0,53.0,241.0,70.0,49.0,192.0,37.0,97.0,107.0,104.0,180.0,65.0,137.0,221.0,192.0,37.0,96.0,107.0,104.0,179.0,65.0,137.0,221.0,65.0,137.0,221.0,66.0,137.0,220.0
es,198.0,11.0,30.0,198.0,11.0,30.0,198.0,11.0,30.0,198.0,11.0,30.0,198.0,11.0,30.0,241.0,150.0,7.0,227.0,134.0,11.0,240.0,150.0,8.0,241.0,150.0,7.0,241.0,150.0,7.0,255.0,196.0,0.0,181.0,120.0,51.0,242.0,183.0,10.0,255.0,196.0,0.0,255.0,196.0,0.0,241.0,150.0,7.0,210.0,119.0,23.0,233.0,146.0,15.0,241.0,150.0,7.0,241.0,150.0,7.0,198.0,11.0,30.0,198.0,11.0,30.0,198.0,11.0,30.0,198.0,11.0,30.0,198.0,11.0,30.0
et,0.0,107.0,63.0,0.0,107.0,63.0,0.0,107.0,63.0,0.0,107.0,63.0,0.0,107.0,63.0,83.0,145.0,49.0,81.0,144.0,51.0,12.0,145.0,147.0,81.0,144.0,51.0,83.0,145.0,49.0,249.0,221.0,22.0,222.0,215.0,43.0,66.0,180.0,167.0,222.0,215.0,43.0,249.0,221.0,22.0,234.0,114.0,34.0,231.0,114.0,36.0,103.0,127.0,137.0,231.0,114.0,36.0,234.0,114.0,34.0,226.0,61.0,40.0,226.0,61.0,40.0,226.0,61.0,40.0,226.0,61.0,40.0,226.0,61.0,40.0
fi,255.0,255.0,255.0,99.0,132.0,177.0,198.0,210.0,227.0,255.0,255.0,255.0,255.0,255.0,255.0,209.0,218.0,232.0,81.0,117.0,168.0,162.0,182.0,209.0,209.0,218.0,232.0,209.0,218.0,232.0,0.0,53.0,128.0,0.0,53.0,128.0,0.0,53.0,128.0,0.0,53.0,128.0,0.0,53.0,128.0,209.0,218.0,232.0,81.0,117.0,168.0,162.0,182.0,209.0,209.0,218.0,232.0,209.0,218.0,232.0,255.0,255.0,255.0,99.0,132.0,177.0,198.0,210.0,227.0,255.0,255.0,255.0,255.0,255.0,255.0
fj,143.0,132.0,174.0,164.0,111.0,150.0,125.0,147.0,178.0,91.0,151.0,177.0,91.0,151.0,177.0,191.0,87.0,121.0,213.0,85.0,113.0,128.0,111.0,145.0,160.0,122.0,110.0,111.0,139.0,156.0,103.0,124.0,164.0,103.0,118.0,158.0,116.0,148.0,175.0,169.0,123.0,134.0,114.0,148.0,165.0,91.0,151.0,177.0,91.0,151.0,177.0,91.0,151.0,177.0,142.0,154.0,169.0,100.0,155.0,173.0,91.0,151.0,177.0,91.0,151.0,177.0,91.0,151.0,177.0,91.0,151.0,177.0,91.0,151.0,177.0
fm,117.0,178.0,221.0,117.0,178.0,221.0,128.0,184.0,224.0,117.0,178.0,221.0,117.0,178.0,221.0,117.0,178.0,221.0,117.0,178.0,221.0,126.0,183.0,223.0,117.0,178.0,221.0,117.0,178.0,221.0,117.0,178.0,221.0,137.0,189.0,226.0,117.0,178.0,221.0,137.0,189.0,226.0,117.0,178.0,221.0,117.0,178.0,221.0,117.0,178.0,221.0,126.0,183.0,223.0,117.0,178.0,221.0,117.0,178.0,221.0,117.0,178.0,221.0,117.0,178.0,221.0,128.0,184.0,224.0,117.0,178.0,221.0,117.0,178.0,221.0
fr,0.0,32.0,159.0,85.0,106.0,191.0,255.0,255.0,255.0,248.0,113.0,128.0,244.0,42.0,65.0,0.0,32.0,159.0,85.0,106.0,191.0,255.0,255.0,255.0,248.0,113.0,128.0,244.0,42.0,65.0,0.0,32.0,159.0,85.0,106.0,191.0,255.0,255.0,255.0,248.0,113.0,128.0,244.0,42.0,65.0,0.0,32.0,159.0,85.0,106.0,191.0,255.0,255.0,255.0,248.0,113.0,128.0,244.0,42.0,65.0,0.0,32.0,159.0,85.0,106.0,191.0,255.0,255.0,255.0,248.0,113.0,128.0,244.0,42.0,65.0
ga,0.0,158.0,96.0,0.0,158.0,96.0,0.0,158.0,96.0,0.0,158.0,96.0,0.0,158.0,96.0,84.0,175.0,71.0,84.0,175.0,71.0,84.0,175.0,71.0,84.0,175.0,71.0,84.0,175.0,71.0,252.0,209.0,22.0,252.0,209.0,22.0,252.0,209.0,22.0,252.0,209.0,22.0,252.0,209.0,22.0,122.0,147.0,138.0,122.0,147.0,138.0,122.0,147.0,138.0,122.0,147.0,138.0,122.0,147.0,138.0,58.0,117.0,196.0,58.0,117.0,196.0,58.0,117.0,196.0,58.0,117.0,196.0,58.0,117.0,196.0
gb,191.0,141.0,165.0,40.0,70.0,145.0,189.0,101.0,127.0,37.0,54.0,131.0,191.0,141.0,165.0,122.0,127.0,174.0,220.0,190.0,204.0,210.0,120.0,138.0,217.0,174.0,189.0,125.0,143.0,189.0,207.0,20.0,43.0,207.0,20.0,43.0,207.0,20.0,43.0,207.0,20.0,43.0,207.0,20.0,43.0,125.0,143.0,189.0,217.0,174.0,189.0,210.0,120.0,138.0,220.0,190.0,204.0,122.0,127.0,174.0,191.0,141.0,165.0,37.0,54.0,131.0,189.0,101.0,127.0,40.0,70.0,145.0,191.0,141.0,165.0
gd,201.0,46.0,39.0,223.0,89.0,32.0,223.0,89.0,32.0,223.0,89.0,32.0,201.0,46.0,39.0,92.0,80.0,69.0,159.0,177.0,48.0,251.0,204.0,22.0,159.0,177.0,48.0,92.0,80.0,69.0,139.0,91.0,55.0,1.0,122.0,94.0,176.0,109.0,45.0,1.0,122.0,94.0,86.0,78.0,70.0,92.0,80.0,69.0,159.0,177.0,48.0,251.0,204.0,22.0,159.0,177.0,48.0,92.0,80.0,69.0,201.0,46.0,39.0,223.0,89.0,32.0,223.0,89.0,32.0,223.0,89.0,32.0,201.0,46.0,39.0
ge,254.0,245.0,247.0,252.0,227.0,230.0,240.0,96.0,115.0,252.0,227.0,230.0,254.0,245.0,247.0,254.0,245.0,246.0,252.0,226.0,229.0,240.0,96.0,115.0,252.0,226.0,229.0,254.0,245.0,246.0,232.0,18.0,46.0,232.0,18.0,46.0,232.0,17.0,45.0,232.0,18.0,46.0,232.0,18.0,46.0,254.0,245.0,246.0,252.0,226.0,229.0,240.0,96.0,115.0,252.0,226.0,229.0,254.0,245.0,246.0,254.0,245.0,247.0,252.0,227.0,230.0,240.0,96.0,115.0,252.0,227.0,230.0,254.0,245.0,247.0
gh,206.0,17.0,38.0,206.0,17.0,38.0,206.0,17.0,38.0,206.0,17.0,38.0,206.0,17.0,38.0,221.0,81.0,33.0,221.0,81.0,33.0,215.0,76.0,32.0,221.0,81.0,33.0,221.0,81.0,33.0,252.0,209.0,22.0,251.0,208.0,22.0,120.0,99.0,10.0,251.0,208.0,22.0,252.0,209.0,22.0,85.0,141.0,49.0,85.0,141.0,49.0,65.0,125.0,48.0,85.0,141.0,49.0,85.0,141.0,49.0,0.0,107.0,63.0,0.0,107.0,63.0,0.0,107.0,63.0,0.0,107.0,63.0,0.0,107.0,63.0
gm,206.0,17.0,38.0,206.0,17.0,38.0,206.0,17.0,38.0,206.0,17.0,38.0,206.0,17.0,38.0,209.0,84.0,104.0,209.0,84.0,104.0,209.0,84.0,104.0,209.0,84.0,104.0,209.0,84.0,104.0,12.0,28.0,140.0,12.0,28.0,140.0,12.0,28.0,140.0,12.0,28.0,140.0,12.0,28.0,140.0,110.0,152.0,105.0,110.0,152.0,105.0,110.0,152.0,105.0,110.0,152.0,105.0,110.0,152.0,105.0,58.0,119.0,40.0,58.0,119.0,40.0,58.0,119.0,40.0,58.0,119.0,40.0,58.0,119.0,40.0
gn,206.0,17.0,38.0,221.0,81.0,33.0,252.0,209.0,22.0,84.0,168.0,71.0,0.0,148.0,96.0,206.0,17.0,38.0,221.0,81.0,33.0,252.0,209.0,22.0,84.0,168.0,71.0,0.0,148.0,96.0,206.0,17.0,38.0,221.0,81.0,33.0,252.0,209.0,22.0,84.0,168.0,71.0,0.0,148.0,96.0,206.0,17.0,38.0,221.0,81.0,33.0,252.0,209.0,22.0,84.0,168.0,71.0,0.0,148.0,96.0,206.0,17.0,38.0,221.0,81.0,33.0,252.0,209.0,22.0,84.0,168.0,71.0,0.0,148.0,96.0
gq,41.0,141.0,69.0,62.0,154.0,0.0,62.0,154.0,0.0,62.0,154.0,0.0,62.0,154.0,0.0,5.0,118.0,189.0,105.0,176.0,81.0,122.0,182.0,70.0,124.0,187.0,82.0,124.0,187.0,82.0,0.0,115.0,206.0,127.0,185.0,230.0,204.0,212.0,202.0,255.0,255.0,255.0,255.0,255.0,255.0,19.0,108.0,191.0,215.0,95.0,96.0,227.0,96.0,90.0,236.0,104.0,98.0,236.0,104.0,98.0,151.0,60.0,85.0,227.0,33.0,24.0,227.0,33.0,24.0,227.0,33.0,24.0,227.0,33.0,24.0
gr,66.0,66.0,161.0,45.0,45.0,150.0,113.0,113.0,184.0,113.0,113.0,184.0,113.0,113.0,184.0,171.0,171.0,213.0,150.0,150.0,203.0,113.0,113.0,184.0,113.0,113.0,184.0,113.0,113.0,184.0,108.0,108.0,182.0,87.0,87.0,171.0,113.0,113.0,184.0,113.0,113.0,184.0,113.0,113.0,184.0,113.0,113.0,184.0,113.0,113.0,184.0,113.0,113.0,184.0,113.0,113.0,184.0,113.0,113.0,184.0,113.0,113.0,184.0,113.0,113.0,184.0,113.0,113.0,184.0,113.0,113.0,184.0,113.0,113.0,184.0
gt,134.0,199.0,227.0,175.0,218.0,236.0,255.0,255.0,255.0,174.0,218.0,236.0,134.0,199.0,227.0,134.0,199.0,227.0,175.0,218.0,236.0,238.0,243.0,236.0,174.0,218.0,236.0,134.0,199.0,227.0,134.0,199.0,227.0,174.0,218.0,236.0,181.0,204.0,161.0,174.0,218.0,236.0,134.0,199.0,227.0,134.0,199.0,227.0,175.0,218.0,236.0,238.0,242.0,233.0,174.0,218.0,236.0,134.0,199.0,227.0,134.0,199.0,227.0,175.0,218.0,236.0,255.0,255.0,255.0,174.0,218.0,236.0,134.0,199.0,227.0
gw,206.0,17.0,38.0,221.0,81.0,33.0,252.0,209.0,22.0,252.0,209.0,22.0,252.0,209.0,22.0,202.0,17.0,37.0,221.0,81.0,33.0,252.0,209.0,22.0,252.0,209.0,22.0,252.0,209.0,22.0,142.0,12.0,26.0,169.0,72.0,39.0,125.0,183.0,48.0,125.0,183.0,48.0,125.0,183.0,48.0,204.0,17.0,38.0,136.0,64.0,49.0,0.0,158.0,73.0,0.0,158.0,73.0,0.0,158.0,73.0,206.0,17.0,38.0,137.0,64.0,50.0,0.0,158.0,73.0,0.0,158.0,73.0,0.0,158.0,73.0
gy,115.0,104.0,73.0,64.0,179.0,100.0,0.0,158.0,73.0,0.0,158.0,73.0,0.0,158.0,73.0,197.0,16.0,36.0,178.0,111.0,32.0,190.0,206.0,85.0,64.0,179.0,100.0,0.0,158.0,73.0,206.0,17.0,38.0,188.0,16.0,35.0,198.0,157.0,18.0,252.0,213.0,44.0,127.0,199.0,127.0,197.0,16.0,36.0,178.0,111.0,32.0,190.0,206.0,85.0,64.0,179.0,100.0,0.0,158.0,73.0,115.0,104.0,73.0,64.0,179.0,100.0,0.0,158.0,73.0,0.0,158.0,73.0,0.0,158.0,73.0
hn,0.0,71.0,186.0,0.0,71.0,186.0,0.0,71.0,186.0,0.0,71.0,186.0,0.0,71.0,186.0,85.0,132.0,209.0,83.0,131.0,209.0,85.0,132.0,209.0,83.0,131.0,209.0,85.0,132.0,209.0,255.0,255.0,255.0,237.0,242.0,250.0,244.0,247.0,252.0,237.0,242.0,250.0,255.0,255.0,255.0,85.0,132.0,209.0,82.0,130.0,208.0,85.0,132.0,209.0,82.0,130.0,208.0,85.0,132.0,209.0,0.0,71.0,186.0,0.0,71.0,186.0,0.0,71.0,186.0,0.0,71.0,186.0,0.0,71.0,186.0
hr,214.0,21.0,23.0,213.0,22.0,24.0,193.0,34.0,42.0,213.0,22.0,24.0,214.0,21.0,23.0,228.0,99.0,100.0,222.0,105.0,107.0,157.0,105.0,106.0,224.0,105.0,106.0,228.0,99.0,100.0,255.0,255.0,255.0,255.0,255.0,255.0,235.0,139.0,140.0,255.0,255.0,255.0,255.0,255.0,255.0,85.0,96.0,160.0,85.0,96.0,160.0,137.0,95.0,137.0,85.0,96.0,160.0,85.0,96.0,160.0,2.0,18.0,114.0,2.0,18.0,114.0,2.0,18.0,114.0,2.0,18.0,114.0,2.0,18.0,114.0
ht,0.0,32.0,159.0,0.0,32.0,159.0,0.0,32.0,159.0,0.0,32.0,159.0,0.0,32.0,159.0,0.0,32.0,159.0,0.0,32.0,159.0,25.0,54.0,168.0,0.0,32.0,159.0,0.0,32.0,159.0,105.0,24.0,106.0,105.0,24.0,106.0,176.0,173.0,166.0,105.0,24.0,106.0,105.0,24.0,106.0,210.0,16.0,52.0,210.0,16.0,52.0,190.0,35.0,60.0,210.0,16.0,52.0,210.0,16.0,52.0,210.0,16.0,52.0,210.0,16.0,52.0,210.0,16.0,52.0,210.0,16.0,52.0,210.0,16.0,52.0
hu,210.0,35.0,44.0,210.0,35.0,44.0,210.0,35.0,44.0,210.0,35.0,44.0,210.0,35.0,44.0,225.0,108.0,114.0,225.0,108.0,114.0,225.0,108.0,114.0,225.0,108.0,114.0,225.0,108.0,114.0,255.0,255.0,255.0,255.0,255.0,255.0,255.0,255.0,255.0,255.0,255.0,255.0,255.0,255.0,255.0,85.0,179.0,132.0,85.0,179.0,132.0,85.0,179.0,132.0,85.0,179.0,132.0,85.0,179.0,132.0,0.0,141.0,70.0,0.0,141.0,70.0,0.0,141.0,70.0,0.0,141.0,70.0,0.0,141.0,70.0
id,206.0,17.0,38.0,206.0,17.0,38.0,206.0,17.0,38.0,206.0,17.0,38.0,206.0,17.0,38.0,206.0,17.0,38.0,206.0,17.0,38.0,206.0,17.0,38.0,206.0,17.0,38.0,206.0,17.0,38.0,231.0,137.0,147.0,231.0,137.0,147.0,231.0,137.0,147.0,231.0,137.0,147.0,231.0,137.0,147.0,255.0,255.0,255.0,255.0,255.0,255.0,255.0,255.0,255.0,255.0,255.0,255.0,255.0,255.0,255.0,255.0,255.0,255.0,255.0,255.0,255.0,255.0,255.0,255.0,255.0,255.0,255.0,255.0,255.0,255.0
ie,0.0,154.0,99.0,85.0,188.0,151.0,255.0,255.0,255.0,255.0,172.0,125.0,255.0,130.0,61.0,0.0,154.0,99.0,85.0,188.0,151.0,255.0,255.0,255.0,255.0,172.0,125.0,255.0,130.0,61.0,0.0,154.0,99.0,85.0,188.0,151.0,255.0,255.0,255.0,255.0,172.0,125.0,255.0,130.0,61.0,0.0,154.0,99.0,85.0,188.0,151.0,255.0,255.0,255.0,255.0,172.0,125.0,255.0,130.0,61.0,0.0,154.0,99.0,85.0,188.0,151.0,255.0,255.0,255.0,255.0,172.0,125.0,255.0,130.0,61.0
il,120.0,154.0,222.0,120.0,154.0,222.0,120.0,154.0,222.0,120.0,154.0,222.0,120.0,154.0,222.0,191.0,207.0,239.0,189.0,206.0,239.0,153.0,179.0,230.0,189.0,206.0,239.0,191.0,207.0,239.0,255.0,255.0,255.0,239.0,243.0,251.0,107.0,144.0,218.0,239.0,243.0,251.0,255.0,255.0,255.0,191.0,207.0,239.0,189.0,206.0,239.0,153.0,179.0,230.0,189.0,206.0,239.0,191.0,207.0,239.0,120.0,154.0,222.0,120.0,154.0,222.0,120.0,154.0,222.0,120.0,154.0,222.0,120.0,154.0,222.0
in,255.0,153.0,51.0,255.0,153.0,51.0,255.0,153.0,51.0,255.0,153.0,51.0,255.0,153.0,51.0,255.0,187.0,119.0,255.0,187.0,119.0,235.0,167.0,107.0,255.0,187.0,119.0,255.0,187.0,119.0,255.0,255.0,255.0,255.0,255.0,255.0,149.0,149.0,191.0,255.0,255.0,255.0,255.0,255.0,255.0,98.0,176.0,90.0,98.0,176.0,90.0,77.0,155.0,78.0,98.0,176.0,90.0,98.0,176.0,90.0,19.0,136.0,8.0,19.0,136.0,8.0,19.0,136.0,8.0,19.0,136.0,8.0,19.0,136.0,8.0
iq,206.0,17.0,38.0,206.0,17.0,38.0,206.0,17.0,38.0,206.0,17.0,38.0,206.0,17.0,38.0,228.0,125.0,136.0,228.0,125.0,136.0,228.0,125.0,136.0,228.0,125.0,136.0,228.0,125.0,136.0,255.0,255.0,255.0,224.0,243.0,233.0,194.0,232.0,212.0,195.0,232.0,212.0,255.0,255.0,255.0,95.0,95.0,95.0,91.0,93.0,92.0,95.0,95.0,95.0,95.0,95.0,95.0,95.0,95.0,95.0,0.0,0.0,0.0,0.0,0.0,0.0,0.0,0.0,0.0,0.0,0.0,0.0,0.0,0.0,0.0
ir,35.0,159.0,64.0,35.0,159.0,64.0,35.0,159.0,64.0,35.0,159.0,64.0,35.0,159.0,64.0,140.0,205.0,155.0,140.0,205.0,155.0,139.0,198.0,148.0,140.0,205.0,155.0,140.0,205.0,155.0,255.0,255.0,255.0,255.0,255.0,255.0,242.0,164.0,164.0,255.0,255.0,255.0,255.0,255.0,255.0,236.0,121.0,121.0,236.0,122.0,122.0,234.0,110.0,110.0,236.0,122.0,122.0,236.0,122.0,122.0,218.0,0.0,0.0,218.0,0.0,0.0,218.0,0.0,0.0,218.0,0.0,0.0,218.0,0.0,0.0
is,0.0,56.0,151.0,137.0,89.0,127.0,51.0,96.0,172.0,0.0,56.0,151.0,0.0,56.0,151.0,14.0,67.0,157.0,143.0,94.0,130.0,62.0,105.0,176.0,14.0,67.0,157.0,14.0,67.0,157.0,233.0,136.0,136.0,226.0,97.0,97.0,233.0,136.0,136.0,233.0,136.0,136.0,233.0,136.0,136.0,14.0,67.0,157.0,143.0,94.0,130.0,62.0,105.0,176.0,14.0,67.0,157.0,14.0,67.0,157.0,0.0,56.0,151.0,137.0,89.0,127.0,51.0,96.0,172.0,0.0,56.0,151.0,0.0,56.0,151.0
it,0.0,146.0,70.0,85.0,183.0,132.0,255.0,255.0,255.0,222.0,113.0,121.0,206.0,43.0,55.0,0.0,146.0,70.0,85.0,183.0,132.0,255.0,255.0,255.0,222.0,113.0,121.0,206.0,43.0,55.0,0.0,146.0,70.0,85.0,183.0,132.0,255.0,255.0,255.0,222.0,113.0,121.0,206.0,43.0,55.0,0.0,146.0,70.0,85.0,183.0,132.0,255.0,255.0,255.0,222.0,113.0,121.0,206.0,43.0,55.0,0.0,146.0,70.0,85.0,183.0,132.0,255.0,255.0,255.0,222.0,113.0,121.0,206.0,43.0,55.0
jm,185.0,175.0,6.0,70.0,147.0,37.0,48.0,138.0,42.0,70.0,147.0,37.0,185.0,175.0,6.0,27.0,24.0,0.0,185.0,175.0,6.0,92.0,155.0,33.0,185.0,175.0,6.0,27.0,24.0,0.0,0.0,0.0,0.0,54.0,47.0,0.0,248.0,217.0,0.0,54.0,47.0,0.0,0.0,0.0,0.0,27.0,24.0,0.0,185.0,175.0,6.0,92.0,155.0,33.0,185.0,175.0,6.0,27.0,24.0,0.0,185.0,175.0,6.0,70.0,147.0,37.0,48.0,138.0,42.0,70.0,147.0,37.0,185.0,175.0,6.0
jo,103.0,8.0,19.0,0.0,0.0,0.0,0.0,0.0,0.0,0.0,0.0,0.0,0.0,0.0,0.0,206.0,17.0,38.0,117.0,23.0,33.0,85.0,85.0,85.0,85.0,85.0,85.0,85.0,85.0,85.0,211.0,40.0,59.0,206.0,17.0,38.0,243.0,195.0,201.0,255.0,255.0,255.0,255.0,255.0,255.0,206.0,17.0,38.0,117.0,77.0,60.0,84.0,165.0,125.0,84.0,165.0,125.0,84.0,165.0,125.0,103.0,70.0,50.0,0.0,122.0,61.0,0.0,122.0,61.0,0.0,122.0,61.0,0.0,122.0,61.0
jp,255.0,255.0,255.0,255.0,255.0,255.0,255.0,255.0,255.0,255.0,255.0,255.0,255.0,255.0,255.0,255.0,255.0,255.0,241.0,199.0,207.0,194.0,17.0,52.0,241.0,199.0,207.0,255.0,255.0,255.0,255.0,255.0,255.0,224.0,132.0,151.0,190.0,0.0,38.0,224.0,132.0,151.0,255.0,255.0,255.0,255.0,255.0,255.0,241.0,199.0,207.0,194.0,17.0,52.0,241.0,199.0,207.0,255.0,255.0,255.0,255.0,255.0,255.0,255.0,255.0,255.0,255.0,255.0,255.0,255.0,255.0,255.0,255.0,255.0,255.0
ke,0.0,0.0,0.0,4.0,4.0,4.0,0.0,0.0,0.0,4.0,4.0,4.0,0.0,0.0,0.0,111.0,64.0,64.0,117.0,70.0,70.0,155.0,67.0,67.0,117.0,70.0,70.0,111.0,64.0,64.0,187.0,0.0,0.0,187.0,0.0,0.0,129.0,24.0,24.0,187.0,0.0,0.0,187.0,0.0,0.0,111.0,115.0,64.0,113.0,116.0,66.0,144.0,83.0,57.0,113.0,116.0,66.0,111.0,115.0,64.0,0.0,102.0,0.0,0.0,102.0,0.0,0.0,102.0,0.0,0.0,102.0,0.0,0.0,102.0,0.0
kg,232.0,17.0,45.0,232.0,17.0,45.0,232.0,17.0,45.0,232.0,17.0,45.0,232.0,17.0,45.0,232.0,17.0,45.0,233.0,27.0,44.0,239.0,104.0,35.0,233.0,28.0,44.0,232.0,17.0,45.0,232.0,17.0,45.0,235.0,54.0,41.0,240.0,108.0,34.0,235.0,54.0,41.0,232.0,17.0,45.0,232.0,17.0,45.0,233.0,28.0,44.0,239.0,99.0,35.0,233.0,27.0,44.0,232.0,17.0,45.0,232.0,17.0,45.0,232.0,17.0,45.0,232.0,17.0,45.0,232.0,17.0,45.0,232.0,17.0,45.0
kh,0.0,0.0,153.0,0.0,0.0,153.0,0.0,0.0,153.0,0.0,0.0,153.0,0.0,0.0,153.0,153.0,0.0,38.0,154.0,5.0,43.0,157.0,20.0,58.0,154.0,5.0,43.0,153.0,0.0,38.0,204.0,0.0,0.0,223.0,97.0,97.0,239.0,176.0,176.0,223.0,96.0,96.0,204.0,0.0,0.0,153.0,0.0,38.0,175.0,108.0,146.0,181.0,141.0,179.0,174.0,107.0,146.0,153.0,0.0,38.0,0.0,0.0,153.0,0.0,0.0,153.0,0.0,0.0,153.0,0.0,0.0,153.0,0.0,0.0,153.0
ki,206.0,17.0,38.0,206.0,18.0,38.0,210.0,68.0,31.0,206.0,18.0,38.0,206.0,17.0,38.0,206.0,17.0,38.0,206.0,17.0,38.0,218.0,104.0,28.0,206.0,17.0,38.0,206.0,17.0,38.0,212.0,100.0,117.0,212.0,106.0,116.0,236.0,213.0,106.0,212.0,107.0,116.0,212.0,100.0,117.0,100.0,138.0,182.0,100.0,138.0,182.0,100.0,138.0,182.0,100.0,138.0,182.0,100.0,138.0,182.0,87.0,128.0,176.0,87.0,128.0,176.0,87.0,128.0,176.0,87.0,128.0,176.0,87.0,128.0,176.0
km,158.0,170.0,40.0,255.0,198.0,30.0,255.0,198.0,30.0,255.0,198.0,30.0,255.0,198.0,30.0,100.0,165.0,92.0,161.0,188.0,107.0,255.0,241.0,199.0,255.0,241.0,199.0,255.0,241.0,199.0,125.0,179.0,118.0,67.0,145.0,57.0,188.0,138.0,123.0,231.0,136.0,146.0,231.0,136.0,146.0,100.0,165.0,92.0,104.0,103.0,82.0,169.0,42.0,78.0,169.0,42.0,78.0,169.0,42.0,78.0,59.0,129.0,124.0,58.0,117.0,196.0,58.0,117.0,196.0,58.0,117.0,196.0,58.0,117.0,196.0
kn,0.0,158.0,73.0,0.0,158.0,73.0,9.0,160.0,71.0,81.0,110.0,27.0,2.0,2.0,0.0,0.0,158.0,73.0,9.0,160.0,71.0,81.0,110.0,27.0,92.0,92.0,90.0,137.0,72.0,17.0,9.0,160.0,71.0,83.0,113.0,29.0,2.0,2.0,0.0,141.0,75.0,21.0,208.0,24.0,37.0,81.0,110.0,27.0,92.0,92.0,90.0,137.0,72.0,17.0,208.0,24.0,37.0,206.0,17.0,38.0,2.0,2.0,0.0,138.0,73.0,19.0,208.0,24.0,37.0,206.0,17.0,38.0,206.0,17.0,38.0
kp,45.0,101.0,172.0,45.0,101.0,172.0,45.0,101.0,172.0,45.0,101.0,172.0,45.0,101.0,172.0,237.0,29.0,37.0,243.0,106.0,112.0,238.0,37.0,45.0,237.0,29.0,37.0,237.0,29.0,37.0,237.0,29.0,37.0,244.0,112.0,117.0,240.0,70.0,76.0,237.0,29.0,37.0,237.0,29.0,37.0,237.0,29.0,37.0,243.0,102.0,108.0,238.0,37.0,45.0,237.0,29.0,37.0,237.0,29.0,37.0,45.0,101.0,172.0,45.0,101.0,172.0,45.0,101.0,172.0,45.0,101.0,172.0,45.0,101.0,172.0
kr,255.0,255.0,255.0,218.0,218.0,218.0,255.0,255.0,255.0,218.0,218.0,218.0,255.0,255.0,255.0,237.0,237.0,237.0,174.0,159.0,161.0,222.0,96.0,110.0,181.0,166.0,168.0,237.0,237.0,237.0,255.0,255.0,255.0,207.0,189.0,203.0,103.0,40.0,87.0,209.0,188.0,202.0,255.0,255.0,255.0,237.0,237.0,237.0,162.0,167.0,172.0,84.0,126.0,175.0,169.0,173.0,179.0,237.0,237.0,237.0,255.0,255.0,255.0,218.0,218.0,218.0,255.0,255.0,255.0,218.0,218.0,218.0,255.0,255.0,255.0
ks,0.0,66.0,166.0,1.0,67.0,166.0,6.0,70.0,168.0,1.0,67.0,166.0,0.0,66.0,166.0,0.0,66.0,166.0,48.0,101.0,183.0,43.0,98.0,181.0,48.0,101.0,183.0,0.0,66.0,166.0,0.0,66.0,166.0,5.0,69.0,162.0,150.0,149.0,69.0,9.0,71.0,160.0,0.0,66.0,166.0,0.0,66.0,166.0,3.0,67.0,164.0,169.0,159.0,56.0,19.0,77.0,153.0,0.0,66.0,166.0,0.0,66.0,166.0,0.0,66.0,166.0,7.0,70.0,162.0,0.0,66.0,166.0,0.0,66.0,166.0
kw,0.0,96.0,74.0,0.0,153.0,119.0,0.0,153.0,119.0,0.0,153.0,119.0,0.0,153.0,119.0,0.0,6.0,5.0,64.0,160.0,138.0,86.0,187.0,165.0,86.0,187.0,165.0,86.0,187.0,165.0,0.0,0.0,0.0,191.0,191.0,191.0,255.0,255.0,255.0,255.0,255.0,255.0,255.0,255.0,255.0,9.0,1.0,2.0,192.0,74.0,87.0,222.0,96.0,110.0,222.0,96.0,110.0,222.0,96.0,110.0,129.0,11.0,24.0,206.0,17.0,38.0,206.0,17.0,38.0,206.0,17.0,38.0,206.0,17.0,38.0
kz,30.0,179.0,179.0,0.0,176.0,199.0,0.0,176.0,199.0,0.0,176.0,199.0,0.0,176.0,199.0,39.0,180.0,173.0,0.0,176.0,199.0,97.0,186.0,134.0,0.0,176.0,199.0,0.0,176.0,199.0,40.0,180.0,172.0,22.0,178.0,185.0,139.0,190.0,106.0,22.0,178.0,184.0,0.0,176.0,199.0,39.0,180.0,173.0,8.0,177.0,194.0,59.0,182.0,160.0,8.0,177.0,194.0,0.0,176.0,199.0,30.0,179.0,179.0,0.0,176.0,199.0,0.0,176.0,199.0,0.0,176.0,199.0,0.0,176.0,199.0
la,206.0,17.0,38.0,206.0,17.0,38.0,206.0,17.0,38.0,206.0,17.0,38.0,206.0,17.0,38.0,51.0,34.0,88.0,53.0,36.0,89.0,152.0,119.0,147.0,53.0,36.0,89.0,51.0,34.0,88.0,0.0,40.0,104.0,35.0,70.0,125.0,255.0,255.0,255.0,35.0,70.0,125.0,0.0,40.0,104.0,51.0,34.0,88.0,53.0,36.0,89.0,152.0,119.0,147.0,53.0,36.0,89.0,51.0,34.0,88.0,206.0,17.0,38.0,206.0,17.0,38.0,206.0,17.0,38.0,206.0,17.0,38.0,206.0,17.0,38.0
lb,249.0,63.0,38.0,249.0,63.0,38.0,249.0,63.0,38.0,249.0,63.0,38.0,249.0,63.0,38.0,253.0,207.0,201.0,253.0,207.0,201.0,177.0,178.0,143.0,253.0,207.0,201.0,253.0,207.0,201.0,255.0,255.0,255.0,238.0,249.0,242.0,37.0,172.0,91.0,236.0,248.0,241.0,255.0,255.0,255.0,253.0,207.0,201.0,244.0,203.0,193.0,169.0,175.0,137.0,243.0,203.0,193.0,253.0,207.0,201.0,249.0,63.0,38.0,249.0,63.0,38.0,249.0,63.0,38.0,249.0,63.0,38.0,249.0,63.0,38.0
lc,11.0,81.0,161.0,11.0,81.0,161.0,26.0,92.0,167.0,11.0,81.0,161.0,11.0,81.0,161.0,11.0,81.0,161.0,11.0,81.0,161.0,64.0,104.0,149.0,11.0,81.0,161.0,11.0,81.0,161.0,11.0,81.0,161.0,11.0,81.0,161.0,83.0,91.0,86.0,11.0,81.0,161.0,11.0,81.0,161.0,11.0,81.0,161.0,36.0,97.0,165.0,207.0,173.0,28.0,36.0,97.0,165.0,11.0,81.0,161.0,11.0,81.0,161.0,49.0,103.0,147.0,148.0,154.0,82.0,49.0,103.0,147.0,11.0,81.0,161.0
li,6.0,46.0,123.0,14.0,50.0,117.0,0.0,43.0,127.0,0.0,43.0,127.0,0.0,43.0,127.0,51.0,72.0,99.0,80.0,88.0,81.0,0.0,43.0,127.0,0.0,43.0,127.0,0.0,43.0,127.0,103.0,30.0,82.0,103.0,30.0,82.0,103.0,30.0,82.0,103.0,30.0,82.0,103.0,30.0,82.0,206.0,17.0,38.0,206.0,17.0,38.0,206.0,17.0,38.0,206.0,17.0,38.0,206.0,17.0,38.0,206.0,17.0,38.0,206.0,17.0,38.0,206.0,17.0,38.0,206.0,17.0,38.0,206.0,17.0,38.0
lk,138.0,164.0,19.0,255.0,164.0,0.0,204.0,115.0,31.0,197.0,103.0,36.0,216.0,137.0,24.0,54.0,133.0,32.0,255.0,134.0,0.0,163.0,42.0,57.0,191.0,92.0,39.0,181.0,74.0,46.0,54.0,133.0,32.0,255.0,134.0,0.0,178.0,69.0,48.0,238.0,176.0,10.0,195.0,100.0,37.0,54.0,133.0,32.0,255.0,134.0,0.0,168.0,52.0,54.0,201.0,111.0,33.0,190.0,90.0,40.0,138.0,164.0,19.0,255.0,164.0,0.0,204.0,115.0,31.0,197.0,103.0,36.0,216.0,137.0,24.0
lr,22.0,56.0,88.0,188.0,113.0,135.0,234.0,131.0,150.0,234.0,131.0,150.0,234.0,131.0,150.0,49.0,79.0,108.0,188.0,113.0,135.0,234.0,131.0,150.0,234.0,131.0,150.0,234.0,131.0,150.0,175.0,134.0,153.0,222.0,132.0,151.0,234.0,131.0,150.0,234.0,131.0,150.0,234.0,131.0,150.0,234.0,131.0,150.0,234.0,131.0,150.0,234.0,131.0,150.0,234.0,131.0,150.0,234.0,131.0,150.0,234.0,131.0,150.0,234.0,131.0,150.0,234.0,131.0,150.0,234.0,131.0,150.0,234.0,131.0,150.0
ls,0.0,32.0,159.0,0.0,32.0,159.0,0.0,32.0,159.0,0.0,32.0,159.0,0.0,32.0,159.0,128.0,144.0,207.0,128.0,144.0,207.0,106.0,122.0,185.0,128.0,144.0,207.0,128.0,144.0,207.0,255.0,255.0,255.0,255.0,255.0,255.0,141.0,141.0,141.0,255.0,255.0,255.0,255.0,255.0,255.0,128.0,202.0,161.0,127.0,201.0,160.0,55.0,129.0,88.0,127.0,201.0,160.0,128.0,202.0,161.0,0.0,149.0,67.0,0.0,149.0,67.0,0.0,149.0,67.0,0.0,149.0,67.0,0.0,149.0,67.0
lt,253.0,185.0,19.0,253.0,185.0,19.0,253.0,185.0,19.0,253.0,185.0,19.0,253.0,185.0,19.0,169.0,159.0,35.0,169.0,159.0,35.0,169.0,159.0,35.0,169.0,159.0,35.0,169.0,159.0,35.0,0.0,106.0,68.0,0.0,106.0,68.0,0.0,106.0,68.0,0.0,106.0,68.0,0.0,106.0,68.0,129.0,61.0,53.0,129.0,61.0,53.0,129.0,61.0,53.0,129.0,61.0,53.0,129.0,61.0,53.0,193.0,39.0,45.0,193.0,39.0,45.0,193.0,39.0,45.0,193.0,39.0,45.0,193.0,39.0,45.0
lu,239.0,43.0,45.0,239.0,43.0,45.0,239.0,43.0,45.0,239.0,43.0,45.0,239.0,43.0,45.0,244.0,114.0,115.0,244.0,114.0,115.0,244.0,114.0,115.0,244.0,114.0,115.0,244.0,114.0,115.0,255.0,255.0,255.0,255.0,255.0,255.0,255.0,255.0,255.0,255.0,255.0,255.0,255.0,255.0,255.0,85.0,194.0,232.0,85.0,194.0,232.0,85.0,194.0,232.0,85.0,194.0,232.0,85.0,194.0,232.0,0.0,163.0,221.0,0.0,163.0,221.0,0.0,163.0,221.0,0.0,163.0,221.0,0.0,163.0,221.0
lv,134.0,22.0,35.0,134.0,22.0,35.0,134.0,22.0,35.0,134.0,22.0,35.0,134.0,22.0,35.0,134.0,22.0,35.0,134.0,22.0,35.0,134.0,22.0,35.0,134.0,22.0,35.0,134.0,22.0,35.0,255.0,255.0,255.0,255.0,255.0,255.0,255.0,255.0,255.0,255.0,255.0,255.0,255.0,255.0,255.0,134.0,22.0,35.0,134.0,22.0,35.0,134.0,22.0,35.0,134.0,22.0,35.0,134.0,22.0,35.0,134.0,22.0,35.0,134.0,22.0,35.0,134.0,22.0,35.0,134.0,22.0,35.0,134.0,22.0,35.0
ly,231.0,0.0,19.0,231.0,0.0,19.0,231.0,0.0,19.0,231.0,0.0,19.0,231.0,0.0,19.0,58.0,0.0,5.0,58.0,0.0,5.0,65.0,7.0,11.0,58.0,0.0,5.0,58.0,0.0,5.0,0.0,0.0,0.0,0.0,0.0,0.0,57.0,57.0,57.0,3.0,3.0,3.0,0.0,0.0,0.0,9.0,40.0,18.0,9.0,40.0,18.0,15.0,47.0,24.0,9.0,40.0,18.0,9.0,40.0,18.0,35.0,158.0,70.0,35.0,158.0,70.0,35.0,158.0,70.0,35.0,158.0,70.0,35.0,158.0,70.0
ma,231.0,0.0,19.0,231.0,0.0,19.0,231.0,0.0,19.0,231.0,0.0,19.0,231.0,0.0,19.0,231.0,0.0,19.0,231.0,0.0,19.0,194.0,18.0,16.0,231.0,0.0,19.0,231.0,0.0,19.0,231.0,0.0,19.0,210.0,10.0,17.0,80.0,72.0,7.0,212.0,9.0,17.0,231.0,0.0,19.0,231.0,0.0,19.0,230.0,0.0,19.0,142.0,43.0,12.0,231.0,0.0,19.0,231.0,0.0,19.0,231.0,0.0,19.0,231.0,0.0,19.0,231.0,0.0,19.0,231.0,0.0,19.0,231.0,0.0,19.0
mc,206.0,17.0,38.0,206.0,17.0,38.0,206.0,17.0,38.0,206.0,17.0,38.0,206.0,17.0,38.0,206.0,17.0,38.0,206.0,17.0,38.0,206.0,17.0,38.0,206.0,17.0,38.0,206.0,17.0,38.0,230.0,136.0,146.0,230.0,136.0,146.0,230.0,136.0,146.0,230.0,136.0,146.0,230.0,136.0,146.0,255.0,255.0,255.0,255.0,255.0,255.0,255.0,255.0,255.0,255.0,255.0,255.0,255.0,255.0,255.0,255.0,255.0,255.0,255.0,255.0,255.0,255.0,255.0,255.0,255.0,255.0,255.0,255.0,255.0,255.0
md,0.0,0.0,179.0,82.0,72.0,119.0,247.0,217.0,0.0,234.0,94.0,11.0,227.0,33.0,16.0,0.0,0.0,179.0,82.0,72.0,119.0,199.0,169.0,7.0,234.0,94.0,11.0,227.0,33.0,16.0,0.0,0.0,179.0,82.0,72.0,119.0,132.0,111.0,33.0,234.0,94.0,11.0,227.0,33.0,16.0,0.0,0.0,179.0,82.0,72.0,119.0,199.0,171.0,6.0,234.0,94.0,11.0,227.0,33.0,16.0,0.0,0.0,179.0,82.0,72.0,119.0,247.0,217.0,0.0,234.0,94.0,11.0,227.0,33.0,16.0
me,201.0,62.0,26.0,200.0,46.0,21.0,200.0,46.0,21.0,200.0,46.0,21.0,201.0,62.0,26.0,198.0,24.0,14.0,197.0,13.0,11.0,198.0,59.0,24.0,197.0,15.0,11.0,198.0,24.0,14.0,198.0,24.0,14.0,197.0,24.0,14.0,177.0,133.0,61.0,197.0,22.0,13.0,198.0,24.0,14.0,198.0,24.0,14.0,196.0,8.0,9.0,195.0,86.0,33.0,195.0,11.0,11.0,198.0,24.0,14.0,201.0,62.0,26.0,200.0,46.0,21.0,200.0,47.0,21.0,200.0,46.0,21.0,201.0,62.0,26.0
mg,255.0,255.0,255.0,239.0,176.0,183.0,206.0,17.0,38.0,206.0,17.0,38.0,206.0,17.0,38.0,255.0,255.0,255.0,239.0,176.0,183.0,206.0,17.0,38.0,206.0,17.0,38.0,206.0,17.0,38.0,255.0,255.0,255.0,204.0,203.0,192.0,103.0,100.0,67.0,103.0,100.0,67.0,103.0,100.0,67.0,255.0,255.0,255.0,170.0,231.0,202.0,0.0,183.0,96.0,0.0,183.0,96.0,0.0,183.0,96.0,255.0,255.0,255.0,170.0,231.0,202.0,0.0,183.0,96.0,0.0,183.0,96.0,0.0,183.0,96.0
mh,5.0,60.0,149.0,1.0,57.0,148.0,0.0,56.0,147.0,0.0,56.0,147.0,101.0,84.0,81.0,85.0,122.0,183.0,67.0,108.0,175.0,0.0,56.0,147.0,116.0,91.0,77.0,240.0,195.0,143.0,49.0,95.0,168.0,37.0,84.0,161.0,133.0,109.0,93.0,215.0,200.0,186.0,84.0,121.0,182.0,5.0,58.0,145.0,140.0,127.0,125.0,120.0,142.0,181.0,8.0,62.0,150.0,0.0,56.0,147.0,78.0,100.0,143.0,26.0,76.0,157.0,0.0,56.0,147.0,0.0,56.0,147.0,0.0,56.0,147.0
mk,226.0,115.0,32.0,212.0,58.0,37.0,223.0,105.0,33.0,212.0,58.0,37.0,226.0,115.0,32.0,206.0,32.0,40.0,218.0,84.0,35.0,216.0,74.0,36.0,218.0,84.0,35.0,206.0,32.0,40.0,240.0,178.0,26.0,223.0,105.0,33.0,235.0,151.0,28.0,223.0,105.0,33.0,240.0,178.0,26.0,206.0,32.0,40.0,218.0,84.0,35.0,216.0,74.0,36.0,218.0,84.0,35.0,206.0,32.0,40.0,226.0,115.0,32.0,212.0,58.0,37.0,223.0,105.0,33.0,212.0,58.0,37.0,226.0,115.0,32.0
ml,20.0,181.0,58.0,98.0,190.0,46.0,252.0,209.0,22.0,221.0,81.0,33.0,206.0,17.0,38.0,20.0,181.0,58.0,98.0,190.0,46.0,252.0,209.0,22.0,221.0,81.0,33.0,206.0,17.0,38.0,20.0,181.0,58.0,98.0,190.0,46.0,252.0,209.0,22.0,221.0,81.0,33.0,206.0,17.0,38.0,20.0,181.0,58.0,98.0,190.0,46.0,252.0,209.0,22.0,221.0,81.0,33.0,206.0,17.0,38.0,20.0,181.0,58.0,98.0,190.0,46.0,252.0,209.0,22.0,221.0,81.0,33.0,206.0,17.0,38.0
mm,55.0,85.0,171.0,70.0,98.0,177.0,187.0,48.0,50.0,218.0,45.0,28.0,218.0,45.0,28.0,79.0,106.0,181.0,109.0,132.0,194.0,187.0,48.0,50.0,218.0,45.0,28.0,218.0,45.0,28.0,133.0,59.0,94.0,137.0,62.0,95.0,203.0,47.0,39.0,218.0,45.0,28.0,218.0,45.0,28.0,218.0,45.0,28.0,218.0,45.0,28.0,218.0,45.0,28.0,218.0,45.0,28.0,218.0,45.0,28.0,218.0,45.0,28.0,218.0,45.0,28.0,218.0,45.0,28.0,218.0,45.0,28.0,218.0,45.0,28.0
mn,221.0,32.0,27.0,170.0,73.0,88.0,71.0,174.0,207.0,170.0,73.0,88.0,220.0,23.0,28.0,227.0,69.0,25.0,171.0,75.0,88.0,71.0,174.0,207.0,170.0,73.0,88.0,220.0,23.0,28.0,231.0,95.0,24.0,175.0,108.0,86.0,71.0,174.0,207.0,170.0,73.0,88.0,220.0,23.0,28.0,234.0,118.0,22.0,177.0,122.0,85.0,71.0,174.0,207.0,170.0,73.0,88.0,220.0,23.0,28.0,223.0,45.0,27.0,172.0,85.0,87.0,71.0,174.0,207.0,170.0,73.0,88.0,220.0,23.0,28.0
mr,30.0,181.0,58.0,30.0,181.0,58.0,31.0,181.0,58.0,30.0,181.0,58.0,30.0,181.0,58.0,30.0,181.0,58.0,36.0,182.0,57.0,94.0,189.0,48.0,36.0,182.0,57.0,30.0,181.0,58.0,30.0,181.0,58.0,80.0,187.0,50.0,40.0,182.0,56.0,80.0,187.0,50.0,30.0,181.0,58.0,30.0,181.0,58.0,40.0,182.0,56.0,124.0,193.0,43.0,40.0,182.0,56.0,30.0,181.0,58.0,30.0,181.0,58.0,30.0,181.0,58.0,30.0,181.0,58.0,30.0,181.0,58.0,30.0,181.0,58.0
mt,229.0,222.0,222.0,254.0,253.0,253.0,231.0,138.0,149.0,207.0,20.0,43.0,207.0,20.0,43.0,244.0,237.0,238.0,255.0,255.0,255.0,231.0,138.0,149.0,207.0,20.0,43.0,207.0,20.0,43.0,255.0,255.0,255.0,255.0,255.0,255.0,231.0,138.0,149.0,207.0,20.0,43.0,207.0,20.0,43.0,255.0,255.0,255.0,255.0,255.0,255.0,231.0,138.0,149.0,207.0,20.0,43.0,207.0,20.0,43.0,255.0,255.0,255.0,255.0,255.0,255.0,231.0,138.0,149.0,207.0,20.0,43.0,207.0,20.0,43.0
mu,220.0,24.0,30.0,220.0,24.0,30.0,220.0,24.0,30.0,220.0,24.0,30.0,220.0,24.0,30.0,56.0,38.0,109.0,56.0,38.0,109.0,56.0,38.0,109.0,56.0,38.0,109.0,56.0,38.0,109.0,127.0,139.0,75.0,127.0,139.0,75.0,127.0,139.0,75.0,127.0,139.0,75.0,127.0,139.0,75.0,194.0,213.0,32.0,194.0,213.0,32.0,194.0,213.0,32.0,194.0,213.0,32.0,194.0,213.0,32.0,22.0,146.0,83.0,22.0,146.0,83.0,22.0,146.0,83.0,22.0,146.0,83.0,22.0,146.0,83.0
mv,210.0,16.0,52.0,210.0,16.0,52.0,210.0,16.0,52.0,210.0,16.0,52.0,210.0,16.0,52.0,184.0,30.0,53.0,52.0,99.0,57.0,70.0,107.0,70.0,52.0,99.0,57.0,184.0,30.0,53.0,175.0,34.0,53.0,0.0,126.0,58.0,53.0,153.0,99.0,0.0,126.0,58.0,175.0,34.0,53.0,184.0,30.0,53.0,52.0,99.0,57.0,70.0,107.0,70.0,52.0,99.0,57.0,184.0,30.0,53.0,210.0,16.0,52.0,210.0,16.0,52.0,210.0,16.0,52.0,210.0,16.0,52.0,210.0,16.0,52.0
mw,0.0,0.0,0.0,20.0,2.0,4.0,73.0,6.0,13.0,20.0,2.0,4.0,0.0,0.0,0.0,69.0,6.0,13.0,98.0,8.0,18.0,177.0,15.0,33.0,98.0,8.0,18.0,69.0,6.0,13.0,206.0,17.0,38.0,206.0,17.0,38.0,206.0,17.0,38.0,206.0,17.0,38.0,206.0,17.0,38.0,103.0,111.0,48.0,103.0,111.0,48.0,103.0,111.0,48.0,103.0,111.0,48.0,103.0,111.0,48.0,51.0,158.0,53.0,51.0,158.0,53.0,51.0,158.0,53.0,51.0,158.0,53.0,51.0,158.0,53.0
mx,2.0,105.0,72.0,84.0,154.0,131.0,255.0,255.0,255.0,222.0,97.0,111.0,206.0,17.0,38.0,2.0,105.0,72.0,84.0,154.0,131.0,227.0,216.0,205.0,222.0,97.0,111.0,206.0,17.0,38.0,2.0,105.0,72.0,81.0,151.0,126.0,171.0,164.0,145.0,219.0,94.0,105.0,206.0,17.0,38.0,2.0,105.0,72.0,84.0,154.0,131.0,234.0,234.0,225.0,222.0,97.0,111.0,206.0,17.0,38.0,2.0,105.0,72.0,84.0,154.0,131.0,255.0,255.0,255.0,222.0,97.0,111.0,206.0,17.0,38.0
my,32.0,73.0,151.0,20.0,65.0,160.0,116.0,84.0,142.0,232.0,114.0,111.0,232.0,114.0,111.0,46.0,81.0,142.0,111.0,121.0,98.0,120.0,107.0,166.0,240.0,161.0,159.0,240.0,161.0,159.0,57.0,67.0,136.0,44.0,58.0,145.0,135.0,98.0,148.0,237.0,145.0,143.0,237.0,145.0,143.0,235.0,130.0,127.0,235.0,130.0,127.0,235.0,130.0,127.0,235.0,130.0,127.0,235.0,130.0,127.0,243.0,177.0,175.0,243.0,177.0,175.0,243.0,177.0,175.0,243.0,177.0,175.0,243.0,177.0,175.0
mz,92.0,71.0,81.0,0.0,113.0,104.0,0.0,113.0,104.0,0.0,113.0,104.0,0.0,113.0,104.0,208.0,25.0,50.0,88.0,82.0,89.0,40.0,103.0,98.0,40.0,103.0,98.0,40.0,103.0,98.0,155.0,86.0,61.0,192.0,33.0,45.0,8.0,1.0,2.0,0.0,0.0,0.0,0.0,0.0,0.0,213.0,39.0,46.0,213.0,143.0,38.0,182.0,167.0,40.0,182.0,167.0,40.0,182.0,167.0,40.0,234.0,134.0,23.0,252.0,225.0,0.0,252.0,225.0,0.0,252.0,225.0,0.0,252.0,225.0,0.0
na,12.0,60.0,122.0,12.0,60.0,122.0,0.0,53.0,128.0,115.0,87.0,134.0,213.0,31.0,65.0,75.0,98.0,90.0,75.0,98.0,90.0,115.0,87.0,134.0,213.0,31.0,65.0,115.0,135.0,104.0,2.0,54.0,127.0,117.0,88.0,133.0,213.0,31.0,65.0,115.0,135.0,104.0,0.0,149.0,67.0,115.0,87.0,134.0,213.0,31.0,65.0,115.0,135.0,104.0,0.0,149.0,67.0,0.0,149.0,67.0,213.0,31.0,65.0,115.0,135.0,104.0,0.0,149.0,67.0,0.0,149.0,67.0,0.0,149.0,67.0
ne,224.0,82.0,6.0,224.0,82.0,6.0,224.0,82.0,6.0,224.0,82.0,6.0,224.0,82.0,6.0,234.0,140.0,89.0,234.0,140.0,89.0,231.0,118.0,58.0,234.0,140.0,89.0,234.0,140.0,89.0,255.0,255.0,255.0,253.0,245.0,241.0,224.0,84.0,9.0,253.0,245.0,241.0,255.0,255.0,255.0,94.0,202.0,114.0,94.0,202.0,114.0,90.0,181.0,83.0,94.0,202.0,114.0,94.0,202.0,114.0,13.0,176.0,43.0,13.0,176.0,43.0,13.0,176.0,43.0,13.0,176.0,43.0,13.0,176.0,43.0
ng,0.0,135.0,81.0,85.0,175.0,139.0,255.0,255.0,255.0,85.0,175.0,139.0,0.0,135.0,81.0,0.0,135.0,81.0,85.0,175.0,139.0,255.0,255.0,255.0,85.0,175.0,139.0,0.0,135.0,81.0,0.0,135.0,81.0,85.0,175.0,139.0,255.0,255.0,255.0,85.0,175.0,139.0,0.0,135.0,81.0,0.0,135.0,81.0,85.0,175.0,139.0,255.0,255.0,255.0,85.0,175.0,139.0,0.0,135.0,81.0,0.0,135.0,81.0,85.0,175.0,139.0,255.0,255.0,255.0,85.0,175.0,139.0,0.0,135.0,81.0
ni,83.0,135.0,244.0,83.0,135.0,244.0,83.0,135.0,244.0,83.0,135.0,244.0,83.0,135.0,244.0,138.0,174.0,248.0,138.0,174.0,248.0,137.0,171.0,243.0,138.0,174.0,248.0,138.0,174.0,248.0,255.0,255.0,255.0,255.0,255.0,255.0,214.0,229.0,217.0,255.0,255.0,255.0,255.0,255.0,255.0,138.0,174.0,248.0,138.0,174.0,248.0,136.0,171.0,242.0,138.0,174.0,248.0,138.0,174.0,248.0,83.0,135.0,244.0,83.0,135.0,244.0,83.0,135.0,244.0,83.0,135.0,244.0,83.0,135.0,244.0
nl,174.0,28.0,40.0,174.0,28.0,40.0,174.0,28.0,40.0,174.0,28.0,40.0,174.0,28.0,40.0,201.0,104.0,112.0,201.0,104.0,112.0,201.0,104.0,112.0,201.0,104.0,112.0,201.0,104.0,112.0,255.0,255.0,255.0,255.0,255.0,255.0,255.0,255.0,255.0,255.0,255.0,255.0,255.0,255.0,255.0,107.0,132.0,178.0,107.0,132.0,178.0,107.0,132.0,178.0,107.0,132.0,178.0,107.0,132.0,178.0,33.0,70.0,139.0,33.0,70.0,139.0,33.0,70.0,139.0,33.0,70.0,139.0,33.0,70.0,139.0
no,239.0,43.0,45.0,145.0,90.0,117.0,232.0,91.0,95.0,239.0,43.0,45.0,239.0,43.0,45.0,241.0,70.0,71.0,146.0,100.0,126.0,233.0,110.0,114.0,241.0,70.0,71.0,241.0,70.0,71.0,96.0,121.0,161.0,57.0,88.0,137.0,91.0,117.0,158.0,96.0,121.0,161.0,96.0,121.0,161.0,241.0,70.0,71.0,146.0,100.0,126.0,233.0,110.0,114.0,241.0,70.0,71.0,241.0,70.0,71.0,239.0,43.0,45.0,145.0,90.0,117.0,232.0,91.0,95.0,239.0,43.0,45.0,239.0,43.0,45.0
np,84.0,24.0,61.0,19.0,9.0,24.0,0.0,0.0,0.0,0.0,0.0,0.0,0.0,0.0,0.0,168.0,47.0,78.0,212.0,89.0,107.0,112.0,22.0,49.0,16.0,9.0,22.0,0.0,0.0,0.0,167.0,41.0,72.0,189.0,74.0,99.0,88.0,19.0,46.0,76.0,17.0,43.0,7.0,13.0,35.0,180.0,103.0,130.0,244.0,203.0,208.0,144.0,22.0,51.0,11.0,7.0,17.0,0.0,0.0,0.0,137.0,36.0,75.0,177.0,50.0,79.0,171.0,22.0,53.0,136.0,26.0,63.0,12.0,13.0,34.0
nr,0.0,43.0,127.0,0.0,43.0,127.0,0.0,43.0,127.0,0.0,43.0,127.0,0.0,43.0,127.0,0.0,43.0,127.0,0.0,43.0,127.0,0.0,43.0,127.0,0.0,43.0,127.0,0.0,43.0,127.0,106.0,108.0,87.0,112.0,112.0,89.0,106.0,108.0,87.0,106.0,108.0,87.0,106.0,108.0,87.0,8.0,49.0,131.0,114.0,137.0,184.0,0.0,43.0,127.0,0.0,43.0,127.0,0.0,43.0,127.0,0.0,43.0,127.0,11.0,52.0,132.0,0.0,43.0,127.0,0.0,43.0,127.0,0.0,43.0,127.0
nz,143.0,132.0,172.0,163.0,112.0,146.0,79.0,89.0,151.0,11.0,42.0,127.0,0.0,36.0,125.0,189.0,89.0,116.0,211.0,87.0,107.0,82.0,55.0,117.0,12.0,42.0,127.0,14.0,42.0,126.0,57.0,67.0,136.0,57.0,61.0,131.0,48.0,62.0,135.0,19.0,45.0,127.0,3.0,38.0,126.0,0.0,36.0,125.0,0.0,36.0,125.0,0.0,36.0,125.0,14.0,43.0,127.0,0.0,36.0,125.0,0.0,36.0,125.0,0.0,36.0,125.0,0.0,36.0,125.0,12.0,42.0,127.0,0.0,36.0,125.0
om,252.0,94.0,85.0,254.0,207.0,204.0,255.0,255.0,255.0,255.0,255.0,255.0,255.0,255.0,255.0,252.0,86.0,77.0,253.0,157.0,152.0,254.0,189.0,186.0,254.0,189.0,186.0,254.0,189.0,186.0,252.0,61.0,50.0,252.0,61.0,50.0,252.0,61.0,50.0,252.0,61.0,50.0,252.0,61.0,50.0,252.0,61.0,50.0,127.0,105.0,58.0,85.0,119.0,61.0,85.0,119.0,61.0,85.0,119.0,61.0,252.0,61.0,50.0,63.0,127.0,63.0,0.0,149.0,67.0,0.0,149.0,67.0,0.0,149.0,67.0
pa,255.0,255.0,255.0,247.0,250.0,253.0,232.0,136.0,154.0,210.0,16.0,52.0,210.0,16.0,52.0,252.0,253.0,254.0,191.0,217.0,241.0,232.0,136.0,154.0,210.0,16.0,52.0,210.0,16.0,52.0,127.0,179.0,226.0,127.0,179.0,226.0,180.0,157.0,190.0,232.0,135.0,153.0,232.0,135.0,153.0,0.0,103.0,198.0,0.0,103.0,198.0,128.0,179.0,226.0,244.0,199.0,207.0,254.0,252.0,253.0,0.0,103.0,198.0,0.0,103.0,198.0,128.0,179.0,226.0,253.0,244.0,246.0,255.0,255.0,255.0
pe,204.0,0.0,0.0,221.0,85.0,85.0,255.0,255.0,255.0,221.0,85.0,85.0,204.0,0.0,0.0,204.0,0.0,0.0,221.0,85.0,85.0,255.0,255.0,255.0,221.0,85.0,85.0,204.0,0.0,0.0,204.0,0.0,0.0,221.0,85.0,85.0,255.0,255.0,255.0,221.0,85.0,85.0,204.0,0.0,0.0,204.0,0.0,0.0,221.0,85.0,85.0,255.0,255.0,255.0,221.0,85.0,85.0,204.0,0.0,0.0,204.0,0.0,0.0,221.0,85.0,85.0,255.0,255.0,255.0,221.0,85.0,85.0,204.0,0.0,0.0
pg,103.0,9.0,19.0,206.0,17.0,38.0,206.0,17.0,38.0,210.0,35.0,36.0,206.0,17.0,38.0,0.0,0.0,0.0,122.0,28.0,38.0,214.0,51.0,35.0,243.0,172.0,25.0,208.0,24.0,37.0,21.0,21.0,21.0,30.0,30.0,30.0,104.0,9.0,20.0,215.0,53.0,35.0,210.0,34.0,37.0,6.0,6.0,6.0,10.0,10.0,10.0,0.0,0.0,0.0,103.0,9.0,19.0,206.0,17.0,38.0,0.0,0.0,0.0,25.0,25.0,25.0,0.0,0.0,0.0,0.0,0.0,0.0,103.0,8.0,19.0
ph,111.0,140.0,194.0,0.0,56.0,168.0,0.0,56.0,168.0,0.0,56.0,168.0,0.0,56.0,168.0,252.0,248.0,229.0,80.0,118.0,191.0,0.0,56.0,168.0,0.0,56.0,168.0,0.0,56.0,168.0,253.0,229.0,122.0,243.0,232.0,215.0,109.0,44.0,108.0,104.0,36.0,103.0,104.0,36.0,103.0,254.0,248.0,227.0,221.0,91.0,102.0,206.0,17.0,38.0,206.0,17.0,38.0,206.0,17.0,38.0,227.0,118.0,120.0,206.0,17.0,38.0,206.0,17.0,38.0,206.0,17.0,38.0,206.0,17.0,38.0
pk,255.0,255.0,255.0,64.0,140.0,64.0,0.0,102.0,0.0,0.0,102.0,0.0,0.0,102.0,0.0,255.0,255.0,255.0,64.0,140.0,64.0,45.0,129.0,45.0,39.0,126.0,39.0,0.0,102.0,0.0,255.0,255.0,255.0,64.0,140.0,64.0,95.0,159.0,95.0,9.0,107.0,9.0,0.0,102.0,0.0,255.0,255.0,255.0,64.0,140.0,64.0,122.0,175.0,122.0,90.0,156.0,90.0,0.0,102.0,0.0,255.0,255.0,255.0,64.0,140.0,64.0,0.0,102.0,0.0,0.0,102.0,0.0,0.0,102.0,0.0
pl,255.0,255.0,255.0,255.0,255.0,255.0,255.0,255.0,255.0,255.0,255.0,255.0,255.0,255.0,255.0,255.0,255.0,255.0,255.0,255.0,255.0,255.0,255.0,255.0,255.0,255.0,255.0,255.0,255.0,255.0,237.0,137.0,158.0,237.0,137.0,158.0,237.0,137.0,158.0,237.0,137.0,158.0,237.0,137.0,158.0,220.0,20.0,60.0,220.0,20.0,60.0,220.0,20.0,60.0,220.0,20.0,60.0,220.0,20.0,60.0,220.0,20.0,60.0,220.0,20.0,60.0,220.0,20.0,60.0,220.0,20.0,60.0,220.0,20.0,60.0
pt,0.0,98.0,51.0,0.0,98.0,51.0,220.0,36.0,31.0,220.0,36.0,31.0,220.0,36.0,31.0,0.0,98.0,51.0,68.0,111.0,44.0,212.0,69.0,31.0,220.0,36.0,31.0,220.0,36.0,31.0,0.0,98.0,51.0,143.0,141.0,85.0,206.0,121.0,80.0,220.0,36.0,31.0,220.0,36.0,31.0,0.0,98.0,51.0,64.0,113.0,42.0,215.0,75.0,28.0,220.0,36.0,31.0,220.0,36.0,31.0,0.0,98.0,51.0,0.0,98.0,51.0,220.0,36.0,31.0,220.0,36.0,31.0,220.0,36.0,31.0
pw,74.0,173.0,214.0,74.0,173.0,214.0,74.0,173.0,214.0,74.0,173.0,214.0,74.0,173.0,214.0,74.0,173.0,214.0,157.0,195.0,116.0,222.0,213.0,39.0,76.0,173.0,212.0,74.0,173.0,214.0,74.0,173.0,214.0,206.0,209.0,57.0,255.0,222.0,0.0,93.0,178.0,191.0,74.0,173.0,214.0,74.0,173.0,214.0,157.0,195.0,116.0,222.0,213.0,39.0,76.0,173.0,212.0,74.0,173.0,214.0,74.0,173.0,214.0,74.0,173.0,214.0,74.0,173.0,214.0,74.0,173.0,214.0,74.0,173.0,214.0
py,206.0,17.0,38.0,206.0,17.0,38.0,206.0,17.0,38.0,206.0,17.0,38.0,206.0,17.0,38.0,222.0,96.0,110.0,222.0,96.0,110.0,219.0,92.0,105.0,222.0,96.0,110.0,222.0,96.0,110.0,255.0,255.0,255.0,255.0,255.0,255.0,200.0,170.0,164.0,255.0,255.0,255.0,255.0,255.0,255.0,85.0,122.0,197.0,85.0,122.0,197.0,81.0,117.0,192.0,85.0,122.0,197.0,85.0,122.0,197.0,0.0,56.0,168.0,0.0,56.0,168.0,0.0,56.0,168.0,0.0,56.0,168.0,0.0,56.0,168.0
qa,255.0,255.0,255.0,199.0,170.0,182.0,109.0,33.0,63.0,109.0,33.0,63.0,109.0,33.0,63.0,255.0,255.0,255.0,197.0,167.0,179.0,109.0,33.0,63.0,109.0,33.0,63.0,109.0,33.0,63.0,255.0,255.0,255.0,195.0,164.0,177.0,109.0,33.0,63.0,109.0,33.0,63.0,109.0,33.0,63.0,255.0,255.0,255.0,197.0,167.0,179.0,109.0,33.0,63.0,109.0,33.0,63.0,109.0,33.0,63.0,255.0,255.0,255.0,199.0,170.0,182.0,109.0,33.0,63.0,109.0,33.0,63.0,109.0,33.0,63.0
ro,0.0,43.0,127.0,84.0,99.0,92.0,252.0,209.0,22.0,221.0,81.0,33.0,206.0,17.0,38.0,0.0,43.0,127.0,84.0,99.0,92.0,252.0,209.0,22.0,221.0,81.0,33.0,206.0,17.0,38.0,0.0,43.0,127.0,84.0,99.0,92.0,252.0,209.0,22.0,221.0,81.0,33.0,206.0,17.0,38.0,0.0,43.0,127.0,84.0,99.0,92.0,252.0,209.0,22.0,221.0,81.0,33.0,206.0,17.0,38.0,0.0,43.0,127.0,84.0,99.0,92.0,252.0,209.0,22.0,221.0,81.0,33.0,206.0,17.0,38.0
rs,220.0,31.0,38.0,219.0,41.0,42.0,220.0,32.0,39.0,220.0,31.0,38.0,220.0,31.0,38.0,158.0,41.0,70.0,207.0,93.0,64.0,181.0,59.0,68.0,158.0,41.0,70.0,158.0,41.0,70.0,36.0,62.0,134.0,191.0,135.0,150.0,110.0,105.0,150.0,36.0,62.0,134.0,36.0,62.0,134.0,181.0,190.0,214.0,219.0,154.0,151.0,200.0,174.0,180.0,181.0,190.0,214.0,181.0,190.0,214.0,255.0,255.0,255.0,255.0,255.0,255.0,255.0,255.0,255.0,255.0,255.0,255.0,255.0,255.0,255.0
ru,255.0,255.0,255.0,255.0,255.0,255.0,255.0,255.0,255.0,255.0,255.0,255.0,255.0,255.0,255.0,169.0,169.0,255.0,169.0,169.0,255.0,169.0,169.0,255.0,169.0,169.0,255.0,169.0,169.0,255.0,0.0,0.0,255.0,0.0,0.0,255.0,0.0,0.0,255.0,0.0,0.0,255.0,0.0,0.0,255.0,170.0,0.0,85.0,170.0,0.0,85.0,170.0,0.0,85.0,170.0,0.0,85.0,170.0,0.0,85.0,255.0,0.0,0.0,255.0,0.0,0.0,255.0,0.0,0.0,255.0,0.0,0.0,255.0,0.0,0.0
rw,0.0,132.0,201.0,0.0,132.0,201.0,0.0,132.0,201.0,20.0,136.0,185.0,65.0,144.0,150.0,0.0,132.0,201.0,0.0,132.0,201.0,0.0,132.0,201.0,33.0,138.0,175.0,103.0,151.0,119.0,125.0,173.0,111.0,125.0,173.0,111.0,125.0,173.0,111.0,125.0,173.0,111.0,126.0,173.0,111.0,186.0,191.0,39.0,186.0,191.0,39.0,186.0,191.0,39.0,186.0,191.0,39.0,186.0,191.0,39.0,0.0,124.0,89.0,0.0,124.0,89.0,0.0,124.0,89.0,0.0,124.0,89.0,0.0,124.0,89.0
sa,0.0,149.0,48.0,0.0,149.0,48.0,0.0,149.0,48.0,0.0,149.0,48.0,0.0,149.0,48.0,0.0,149.0,48.0,54.0,171.0,91.0,67.0,177.0,103.0,52.0,171.0,90.0,0.0,149.0,48.0,0.0,149.0,48.0,37.0,164.0,78.0,52.0,170.0,90.0,33.0,163.0,75.0,0.0,149.0,48.0,0.0,149.0,48.0,11.0,154.0,57.0,28.0,161.0,71.0,16.0,156.0,61.0,0.0,149.0,48.0,0.0,149.0,48.0,0.0,149.0,48.0,0.0,149.0,48.0,0.0,149.0,48.0,0.0,149.0,48.0
sb,36.0,105.0,196.0,36.0,105.0,196.0,0.0,81.0,186.0,8.0,85.0,181.0,120.0,140.0,76.0,33.0,104.0,195.0,3.0,83.0,187.0,8.0,85.0,181.0,120.0,140.0,76.0,40.0,95.0,50.0,36.0,105.0,196.0,44.0,109.0,190.0,120.0,140.0,76.0,40.0,95.0,50.0,33.0,91.0,51.0,8.0,85.0,181.0,120.0,140.0,76.0,40.0,95.0,50.0,33.0,91.0,51.0,33.0,91.0,51.0,120.0,140.0,76.0,40.0,95.0,50.0,33.0,91.0,51.0,33.0,91.0,51.0,33.0,91.0,51.0
sc,0.0,63.0,135.0,126.0,140.0,110.0,249.0,201.0,82.0,217.0,55.0,44.0,214.0,40.0,40.0,0.0,63.0,135.0,210.0,191.0,94.0,227.0,98.0,55.0,214.0,40.0,40.0,217.0,58.0,58.0,42.0,89.0,127.0,239.0,157.0,71.0,214.0,40.0,40.0,228.0,112.0,112.0,252.0,237.0,237.0,123.0,125.0,107.0,221.0,73.0,62.0,241.0,184.0,184.0,212.0,233.0,222.0,127.0,188.0,158.0,156.0,123.0,103.0,124.0,171.0,140.0,42.0,144.0,93.0,0.0,122.0,61.0,0.0,122.0,61.0
sd,140.0,49.0,48.0,210.0,16.0,52.0,210.0,16.0,52.0,210.0,16.0,52.0,210.0,16.0,52.0,17.0,106.0,42.0,204.0,87.0,104.0,225.0,96.0,120.0,225.0,96.0,120.0,225.0,96.0,120.0,0.0,114.0,41.0,127.0,184.0,148.0,255.0,255.0,255.0,255.0,255.0,255.0,255.0,255.0,255.0,0.0,105.0,38.0,65.0,75.0,69.0,84.0,84.0,84.0,84.0,84.0,84.0,84.0,84.0,84.0,0.0,38.0,14.0,0.0,0.0,0.0,0.0,0.0,0.0,0.0,0.0,0.0,0.0,0.0,0.0
se,11.0,80.0,137.0,118.0,129.0,77.0,57.0,101.0,111.0,11.0,80.0,137.0,11.0,80.0,137.0,12.0,80.0,137.0,118.0,130.0,77.0,57.0,102.0,111.0,12.0,80.0,137.0,12.0,80.0,137.0,253.0,192.0,1.0,254.0,193.0,1.0,254.0,192.0,1.0,253.0,192.0,1.0,253.0,192.0,1.0,12.0,80.0,137.0,118.0,130.0,77.0,57.0,102.0,111.0,12.0,80.0,137.0,12.0,80.0,137.0,11.0,80.0,137.0,118.0,129.0,77.0,57.0,101.0,111.0,11.0,80.0,137.0,11.0,80.0,137.0
sg,246.0,83.0,102.0,245.0,55.0,77.0,244.0,42.0,65.0,244.0,42.0,65.0,244.0,42.0,65.0,248.0,110.0,126.0,246.0,74.0,93.0,244.0,42.0,65.0,244.0,42.0,65.0,244.0,42.0,65.0,250.0,157.0,167.0,250.0,150.0,162.0,250.0,149.0,160.0,250.0,149.0,160.0,250.0,149.0,160.0,255.0,255.0,255.0,255.0,255.0,255.0,255.0,255.0,255.0,255.0,255.0,255.0,255.0,255.0,255.0,255.0,255.0,255.0,255.0,255.0,255.0,255.0,255.0,255.0,255.0,255.0,255.0,255.0,255.0,255.0
si,254.0,254.0,255.0,239.0,241.0,251.0,255.0,255.0,255.0,255.0,255.0,255.0,255.0,255.0,255.0,165.0,176.0,241.0,127.0,145.0,236.0,170.0,185.0,247.0,170.0,185.0,247.0,170.0,185.0,247.0,0.0,46.0,230.0,28.0,62.0,225.0,0.0,46.0,230.0,0.0,46.0,230.0,0.0,46.0,230.0,170.0,24.0,78.0,170.0,24.0,78.0,170.0,24.0,78.0,170.0,24.0,78.0,170.0,24.0,78.0,255.0,12.0,0.0,255.0,12.0,0.0,255.0,12.0,0.0,255.0,12.0,0.0,255.0,12.0,0.0
sk,255.0,255.0,255.0,255.0,255.0,255.0,255.0,255.0,255.0,255.0,255.0,255.0,255.0,255.0,255.0,182.0,175.0,207.0,229.0,129.0,140.0,182.0,175.0,207.0,170.0,189.0,226.0,170.0,189.0,226.0,41.0,61.0,155.0,192.0,83.0,110.0,41.0,61.0,155.0,0.0,56.0,168.0,0.0,56.0,168.0,141.0,32.0,82.0,110.0,59.0,122.0,141.0,32.0,82.0,137.0,30.0,81.0,137.0,30.0,81.0,206.0,17.0,38.0,206.0,17.0,38.0,206.0,17.0,38.0,206.0,17.0,38.0,206.0,17.0,38.0
sl,30.0,181.0,58.0,30.0,181.0,58.0,30.0,181.0,58.0,30.0,181.0,58.0,30.0,181.0,58.0,106.0,206.0,124.0,106.0,206.0,124.0,106.0,206.0,124.0,106.0,206.0,124.0,106.0,206.0,124.0,255.0,255.0,255.0,255.0,255.0,255.0,255.0,255.0,255.0,255.0,255.0,255.0,255.0,255.0,255.0,85.0,161.0,217.0,85.0,161.0,217.0,85.0,161.0,217.0,85.0,161.0,217.0,85.0,161.0,217.0,0.0,114.0,198.0,0.0,114.0,198.0,0.0,114.0,198.0,0.0,114.0,198.0,0.0,114.0,198.0
sm,255.0,255.0,255.0,255.0,255.0,255.0,255.0,255.0,255.0,255.0,255.0,255.0,255.0,255.0,255.0,255.0,255.0,255.0,255.0,255.0,255.0,232.0,228.0,207.0,255.0,255.0,255.0,255.0,255.0,255.0,128.0,193.0,232.0,115.0,183.0,203.0,110.0,151.0,114.0,115.0,182.0,202.0,128.0,193.0,232.0,0.0,130.0,209.0,2.0,129.0,197.0,56.0,135.0,159.0,1.0,129.0,197.0,0.0,130.0,209.0,0.0,130.0,209.0,0.0,130.0,209.0,0.0,130.0,209.0,0.0,130.0,209.0,0.0,130.0,209.0
sn,0.0,133.0,63.0,85.0,169.0,64.0,253.0,239.0,66.0,236.0,97.0,45.0,227.0,27.0,35.0,0.0,133.0,63.0,85.0,169.0,64.0,247.0,236.0,66.0,236.0,97.0,45.0,227.0,27.0,35.0,0.0,133.0,63.0,85.0,168.0,64.0,133.0,189.0,65.0,236.0,97.0,45.0,227.0,27.0,35.0,0.0,133.0,63.0,85.0,169.0,64.0,248.0,237.0,66.0,236.0,97.0,45.0,227.0,27.0,35.0,0.0,133.0,63.0,85.0,169.0,64.0,253.0,239.0,66.0,236.0,97.0,45.0,227.0,27.0,35.0
so,65.0,137.0,221.0,65.0,137.0,221.0,65.0,137.0,221.0,65.0,137.0,221.0,65.0,137.0,221.0,65.0,137.0,221.0,65.0,137.0,221.0,70.0,140.0,222.0,65.0,137.0,221.0,65.0,137.0,221.0,65.0,137.0,221.0,66.0,137.0,221.0,165.0,199.0,239.0,66.0,137.0,221.0,65.0,137.0,221.0,65.0,137.0,221.0,65.0,137.0,221.0,80.0,146.0,224.0,65.0,137.0,221.0,65.0,137.0,221.0,65.0,137.0,221.0,65.0,137.0,221.0,65.0,137.0,221.0,65.0,137.0,221.0,65.0,137.0,221.0
sr,1.0,115.0,42.0,1.0,115.0,42.0,1.0,115.0,42.0,1.0,115.0,42.0,1.0,115.0,42.0,232.0,135.0,153.0,232.0,135.0,153.0,234.0,143.0,151.0,232.0,135.0,153.0,232.0,135.0,153.0,210.0,16.0,52.0,211.0,18.0,51.0,237.0,130.0,21.0,211.0,18.0,51.0,210.0,16.0,52.0,232.0,135.0,153.0,232.0,135.0,153.0,238.0,159.0,146.0,232.0,135.0,153.0,232.0,135.0,153.0,1.0,115.0,42.0,1.0,115.0,42.0,1.0,115.0,42.0,1.0,115.0,42.0,1.0,115.0,42.0
st,66.0,134.0,45.0,18.0,173.0,43.0,18.0,173.0,43.0,18.0,173.0,43.0,18.0,173.0,43.0,181.0,58.0,46.0,153.0,192.0,18.0,152.0,190.0,18.0,153.0,192.0,18.0,153.0,192.0,18.0,210.0,16.0,52.0,249.0,182.0,6.0,185.0,149.0,0.0,255.0,206.0,0.0,255.0,206.0,0.0,181.0,58.0,46.0,153.0,192.0,18.0,153.0,191.0,18.0,153.0,192.0,18.0,153.0,192.0,18.0,66.0,134.0,45.0,18.0,173.0,43.0,18.0,173.0,43.0,18.0,173.0,43.0,18.0,173.0,43.0
sv,0.0,32.0,159.0,0.0,32.0,159.0,0.0,32.0,159.0,0.0,32.0,159.0,0.0,32.0,159.0,85.0,106.0,191.0,85.0,106.0,191.0,84.0,105.0,185.0,85.0,106.0,191.0,85.0,106.0,191.0,255.0,255.0,255.0,255.0,255.0,255.0,188.0,195.0,175.0,255.0,255.0,255.0,255.0,255.0,255.0,85.0,106.0,191.0,85.0,106.0,191.0,78.0,100.0,181.0,85.0,106.0,191.0,85.0,106.0,191.0,0.0,32.0,159.0,0.0,32.0,159.0,0.0,32.0,159.0,0.0,32.0,159.0,0.0,32.0,159.0
sy,206.0,17.0,38.0,206.0,17.0,38.0,206.0,17.0,38.0,206.0,17.0,38.0,206.0,17.0,38.0,222.0,96.0,110.0,222.0,96.0,110.0,222.0,96.0,110.0,222.0,96.0,110.0,222.0,96.0,110.0,255.0,255.0,255.0,199.0,234.0,220.0,255.0,255.0,255.0,199.0,234.0,220.0,255.0,255.0,255.0,85.0,85.0,85.0,85.0,85.0,85.0,85.0,85.0,85.0,85.0,85.0,85.0,85.0,85.0,85.0,0.0,0.0,0.0,0.0,0.0,0.0,0.0,0.0,0.0,0.0,0.0,0.0,0.0,0.0,0.0
sz,83.0,107.0,165.0,83.0,107.0,165.0,83.0,107.0,165.0,83.0,107.0,165.0,83.0,107.0,165.0,196.0,63.0,9.0,183.0,63.0,9.0,187.0,139.0,92.0,201.0,83.0,28.0,197.0,65.0,11.0,159.0,31.0,32.0,104.0,43.0,24.0,107.0,107.0,111.0,196.0,141.0,125.0,159.0,39.0,42.0,194.0,64.0,11.0,183.0,62.0,8.0,154.0,106.0,52.0,202.0,83.0,28.0,194.0,64.0,11.0,83.0,107.0,165.0,83.0,107.0,165.0,83.0,107.0,165.0,83.0,107.0,165.0,83.0,107.0,165.0
td,0.0,37.0,105.0,85.0,94.0,70.0,255.0,206.0,0.0,225.0,79.0,35.0,210.0,16.0,52.0,0.0,37.0,105.0,85.0,94.0,70.0,255.0,206.0,0.0,225.0,79.0,35.0,210.0,16.0,52.0,0.0,37.0,105.0,85.0,94.0,70.0,255.0,206.0,0.0,225.0,79.0,35.0,210.0,16.0,52.0,0.0,37.0,105.0,85.0,94.0,70.0,255.0,206.0,0.0,225.0,79.0,35.0,210.0,16.0,52.0,0.0,37.0,105.0,85.0,94.0,70.0,255.0,206.0,0.0,225.0,79.0,35.0,210.0,16.0,52.0
tg,212.0,26.0,60.0,179.0,29.0,56.0,0.0,106.0,78.0,0.0,106.0,78.0,0.0,106.0,78.0,225.0,96.0,120.0,226.0,92.0,86.0,255.0,206.0,0.0,255.0,206.0,0.0,255.0,206.0,0.0,211.0,22.0,57.0,180.0,35.0,61.0,0.0,106.0,78.0,0.0,106.0,78.0,0.0,106.0,78.0,255.0,206.0,0.0,255.0,206.0,0.0,255.0,206.0,0.0,255.0,206.0,0.0,255.0,206.0,0.0,0.0,106.0,78.0,0.0,106.0,78.0,0.0,106.0,78.0,0.0,106.0,78.0,0.0,106.0,78.0
th,228.0,56.0,63.0,228.0,56.0,63.0,228.0,56.0,63.0,228.0,56.0,63.0,228.0,56.0,63.0,170.0,182.0,212.0,170.0,182.0,212.0,170.0,182.0,212.0,170.0,182.0,212.0,170.0,182.0,212.0,0.0,36.0,125.0,0.0,36.0,125.0,0.0,36.0,125.0,0.0,36.0,125.0,0.0,36.0,125.0,170.0,182.0,212.0,170.0,182.0,212.0,170.0,182.0,212.0,170.0,182.0,212.0,170.0,182.0,212.0,228.0,56.0,63.0,228.0,56.0,63.0,228.0,56.0,63.0,228.0,56.0,63.0,228.0,56.0,63.0
tj,229.0,5.0,58.0,229.0,5.0,58.0,229.0,5.0,58.0,229.0,5.0,58.0,229.0,5.0,58.0,244.0,147.0,170.0,244.0,147.0,170.0,242.0,144.0,161.0,244.0,147.0,170.0,244.0,147.0,170.0,255.0,255.0,255.0,255.0,255.0,255.0,249.0,243.0,217.0,255.0,255.0,255.0,255.0,255.0,255.0,185.0,228.0,161.0,185.0,228.0,161.0,182.0,221.0,138.0,185.0,228.0,161.0,185.0,228.0,161.0,91.0,191.0,33.0,91.0,191.0,33.0,91.0,191.0,33.0,91.0,191.0,33.0,91.0,191.0,33.0
tl,153.0,51.0,22.0,220.0,36.0,31.0,220.0,36.0,31.0,220.0,36.0,31.0,220.0,36.0,31.0,27.0,22.0,9.0,216.0,101.0,31.0,220.0,36.0,31.0,220.0,36.0,31.0,220.0,36.0,31.0,98.0,98.0,98.0,128.0,100.0,19.0,229.0,77.0,33.0,220.0,36.0,31.0,220.0,36.0,31.0,26.0,21.0,8.0,216.0,101.0,31.0,220.0,36.0,31.0,220.0,36.0,31.0,220.0,36.0,31.0,152.0,51.0,22.0,220.0,36.0,31.0,220.0,36.0,31.0,220.0,36.0,31.0,220.0,36.0,31.0
tm,73.0,89.0,72.0,90.0,86.0,72.0,17.0,116.0,90.0,0.0,106.0,78.0,0.0,106.0,78.0,68.0,84.0,67.0,90.0,82.0,64.0,36.0,127.0,103.0,0.0,106.0,78.0,0.0,106.0,78.0,65.0,80.0,66.0,80.0,75.0,64.0,0.0,106.0,78.0,0.0,106.0,78.0,0.0,106.0,78.0,62.0,86.0,70.0,74.0,83.0,65.0,0.0,106.0,78.0,0.0,106.0,78.0,0.0,106.0,78.0,81.0,98.0,70.0,99.0,96.0,72.0,0.0,106.0,78.0,0.0,106.0,78.0,0.0,106.0,78.0
tn,231.0,0.0,19.0,231.0,0.0,19.0,231.0,0.0,19.0,231.0,0.0,19.0,231.0,0.0,19.0,231.0,0.0,19.0,233.0,19.0,37.0,242.0,121.0,131.0,233.0,20.0,37.0,231.0,0.0,19.0,231.0,0.0,19.0,236.0,55.0,70.0,244.0,142.0,150.0,238.0,79.0,92.0,231.0,0.0,19.0,231.0,0.0,19.0,233.0,19.0,37.0,242.0,121.0,131.0,233.0,20.0,37.0,231.0,0.0,19.0,231.0,0.0,19.0,231.0,0.0,19.0,231.0,0.0,19.0,231.0,0.0,19.0,231.0,0.0,19.0
to,249.0,230.0,230.0,245.0,215.0,215.0,198.0,21.0,21.0,193.0,0.0,0.0,193.0,0.0,0.0,237.0,181.0,181.0,232.0,160.0,160.0,198.0,21.0,21.0,193.0,0.0,0.0,193.0,0.0,0.0,223.0,122.0,122.0,222.0,118.0,118.0,196.0,11.0,11.0,193.0,0.0,0.0,193.0,0.0,0.0,193.0,0.0,0.0,193.0,0.0,0.0,193.0,0.0,0.0,193.0,0.0,0.0,193.0,0.0,0.0,193.0,0.0,0.0,193.0,0.0,0.0,193.0,0.0,0.0,193.0,0.0,0.0,193.0,0.0,0.0
tr,227.0,10.0,23.0,227.0,10.0,23.0,227.0,10.0,23.0,227.0,10.0,23.0,227.0,10.0,23.0,227.0,13.0,26.0,237.0,101.0,109.0,228.0,19.0,31.0,227.0,10.0,23.0,227.0,10.0,23.0,231.0,45.0,56.0,234.0,68.0,78.0,234.0,75.0,84.0,228.0,16.0,29.0,227.0,10.0,23.0,227.0,13.0,26.0,237.0,101.0,109.0,228.0,19.0,31.0,227.0,10.0,23.0,227.0,10.0,23.0,227.0,10.0,23.0,227.0,10.0,23.0,227.0,10.0,23.0,227.0,10.0,23.0,227.0,10.0,23.0
tt,136.0,71.0,78.0,89.0,59.0,62.0,208.0,26.0,46.0,206.0,17.0,38.0,206.0,17.0,38.0,209.0,33.0,52.0,71.0,50.0,53.0,153.0,72.0,81.0,206.0,17.0,38.0,206.0,17.0,38.0,206.0,17.0,38.0,196.0,58.0,73.0,41.0,39.0,40.0,196.0,58.0,73.0,206.0,17.0,38.0,206.0,17.0,38.0,206.0,17.0,38.0,153.0,72.0,81.0,71.0,50.0,53.0,209.0,33.0,52.0,206.0,17.0,38.0,206.0,17.0,38.0,208.0,26.0,46.0,89.0,59.0,62.0,136.0,71.0,78.0
tv,143.0,132.0,174.0,164.0,111.0,150.0,125.0,147.0,178.0,91.0,151.0,177.0,111.0,158.0,155.0,191.0,87.0,121.0,213.0,85.0,113.0,128.0,111.0,145.0,110.0,157.0,156.0,112.0,158.0,154.0,103.0,124.0,164.0,103.0,118.0,158.0,116.0,148.0,175.0,95.0,152.0,173.0,113.0,158.0,153.0,91.0,151.0,177.0,91.0,151.0,177.0,91.0,151.0,177.0,122.0,161.0,144.0,110.0,157.0,156.0,91.0,151.0,177.0,91.0,151.0,177.0,112.0,158.0,155.0,121.0,161.0,145.0,91.0,151.0,177.0
tw,9.0,9.0,157.0,48.0,48.0,172.0,128.0,0.0,76.0,255.0,0.0,0.0,255.0,0.0,0.0,24.0,24.0,163.0,126.0,126.0,203.0,128.0,0.0,76.0,255.0,0.0,0.0,255.0,0.0,0.0,128.0,0.0,77.0,129.0,2.0,77.0,191.0,0.0,38.0,255.0,0.0,0.0,255.0,0.0,0.0,255.0,0.0,0.0,255.0,0.0,0.0,255.0,0.0,0.0,255.0,0.0,0.0,255.0,0.0,0.0,255.0,0.0,0.0,255.0,0.0,0.0,255.0,0.0,0.0,255.0,0.0,0.0,255.0,0.0,0.0
tz,30.0,181.0,58.0,30.0,181.0,58.0,34.0,182.0,57.0,96.0,131.0,27.0,9.0,7.0,1.0,30.0,181.0,58.0,34.0,182.0,57.0,96.0,131.0,27.0,9.0,7.0,1.0,86.0,125.0,80.0,34.0,182.0,57.0,96.0,131.0,27.0,9.0,7.0,1.0,86.0,125.0,80.0,5.0,164.0,217.0,96.0,131.0,27.0,9.0,7.0,1.0,86.0,125.0,80.0,5.0,164.0,217.0,0.0,163.0,221.0,9.0,7.0,1.0,86.0,125.0,80.0,5.0,164.0,217.0,0.0,163.0,221.0,0.0,163.0,221.0
ua,58.0,117.0,196.0,58.0,117.0,196.0,58.0,117.0,196.0,58.0,117.0,196.0,58.0,117.0,196.0,58.0,117.0,196.0,58.0,117.0,196.0,58.0,117.0,196.0,58.0,117.0,196.0,58.0,117.0,196.0,154.0,169.0,109.0,154.0,169.0,109.0,154.0,169.0,109.0,154.0,169.0,109.0,154.0,169.0,109.0,249.0,221.0,22.0,249.0,221.0,22.0,249.0,221.0,22.0,249.0,221.0,22.0,249.0,221.0,22.0,249.0,221.0,22.0,249.0,221.0,22.0,249.0,221.0,22.0,249.0,221.0,22.0,249.0,221.0,22.0
ug,43.0,39.0,0.0,43.0,39.0,0.0,43.0,39.0,0.0,43.0,39.0,0.0,43.0,39.0,0.0,243.0,172.0,3.0,243.0,172.0,3.0,242.0,195.0,31.0,243.0,172.0,3.0,243.0,172.0,3.0,111.0,29.0,4.0,111.0,29.0,5.0,205.0,191.0,189.0,111.0,29.0,5.0,111.0,29.0,4.0,170.0,154.0,0.0,170.0,154.0,0.0,204.0,188.0,34.0,170.0,154.0,0.0,170.0,154.0,0.0,227.0,86.0,7.0,227.0,86.0,7.0,227.0,86.0,7.0,227.0,86.0,7.0,227.0,86.0,7.0
us,31.0,66.0,122.0,31.0,66.0,122.0,216.0,104.0,128.0,216.0,104.0,128.0,216.0,104.0,128.0,39.0,73.0,127.0,39.0,73.0,127.0,221.0,123.0,144.0,221.0,123.0,144.0,221.0,123.0,144.0,98.0,122.0,161.0,98.0,122.0,161.0,230.0,161.0,175.0,230.0,161.0,175.0,230.0,161.0,175.0,221.0,123.0,144.0,221.0,123.0,144.0,221.0,123.0,144.0,221.0,123.0,144.0,221.0,123.0,144.0,216.0,104.0,128.0,216.0,104.0,128.0,216.0,104.0,128.0,216.0,104.0,128.0,216.0,104.0,128.0
uy,239.0,236.0,220.0,228.0,229.0,227.0,142.0,167.0,216.0,142.0,167.0,216.0,142.0,167.0,216.0,215.0,200.0,130.0,208.0,200.0,160.0,142.0,167.0,216.0,142.0,167.0,216.0,142.0,167.0,216.0,190.0,201.0,222.0,185.0,199.0,225.0,142.0,167.0,216.0,142.0,167.0,216.0,142.0,167.0,216.0,142.0,167.0,216.0,142.0,167.0,216.0,142.0,167.0,216.0,142.0,167.0,216.0,142.0,167.0,216.0,142.0,167.0,216.0,142.0,167.0,216.0,142.0,167.0,216.0,142.0,167.0,216.0,142.0,167.0,216.0
uz,40.0,169.0,193.0,15.0,159.0,185.0,0.0,153.0,181.0,0.0,153.0,181.0,0.0,153.0,181.0,120.0,180.0,196.0,106.0,174.0,192.0,97.0,171.0,190.0,97.0,171.0,190.0,97.0,171.0,190.0,255.0,255.0,255.0,255.0,255.0,255.0,255.0,255.0,255.0,255.0,255.0,255.0,255.0,255.0,255.0,115.0,186.0,114.0,115.0,186.0,114.0,115.0,186.0,114.0,115.0,186.0,114.0,115.0,186.0,114.0,30.0,181.0,58.0,30.0,181.0,58.0,30.0,181.0,58.0,30.0,181.0,58.0,30.0,181.0,58.0
va,255.0,224.0,0.0,255.0,224.0,0.0,255.0,240.0,128.0,255.0,255.0,255.0,255.0,255.0,255.0,255.0,224.0,0.0,255.0,224.0,0.0,255.0,240.0,128.0,244.0,236.0,215.0,253.0,251.0,248.0,255.0,224.0,0.0,255.0,224.0,0.0,254.0,239.0,127.0,222.0,199.0,162.0,245.0,235.0,210.0,255.0,224.0,0.0,255.0,224.0,0.0,255.0,240.0,128.0,243.0,224.0,214.0,250.0,247.0,246.0,255.0,224.0,0.0,255.0,224.0,0.0,255.0,240.0,128.0,255.0,255.0,255.0,255.0,255.0,255.0
vc,0.0,114.0,198.0,189.0,185.0,66.0,252.0,209.0,22.0,189.0,196.0,40.0,0.0,158.0,96.0,0.0,114.0,198.0,189.0,185.0,66.0,233.0,205.0,27.0,189.0,196.0,40.0,0.0,158.0,96.0,0.0,114.0,198.0,177.0,183.0,69.0,72.0,173.0,75.0,177.0,194.0,44.0,0.0,158.0,96.0,0.0,114.0,198.0,189.0,185.0,66.0,136.0,185.0,56.0,189.0,196.0,40.0,0.0,158.0,96.0,0.0,114.0,198.0,189.0,185.0,66.0,240.0,207.0,25.0,189.0,196.0,40.0,0.0,158.0,96.0
ve,247.0,209.0,23.0,247.0,209.0,23.0,247.0,209.0,23.0,247.0,209.0,23.0,247.0,209.0,23.0,165.0,156.0,72.0,165.0,156.0,72.0,175.0,165.0,76.0,165.0,156.0,72.0,165.0,156.0,72.0,0.0,51.0,171.0,25.0,71.0,179.0,25.0,71.0,179.0,25.0,71.0,179.0,0.0,51.0,171.0,138.0,30.0,86.0,143.0,34.0,87.0,138.0,30.0,86.0,143.0,34.0,87.0,138.0,30.0,86.0,207.0,20.0,43.0,207.0,20.0,43.0,207.0,20.0,43.0,207.0,20.0,43.0,207.0,20.0,43.0
vn,206.0,17.0,38.0,206.0,17.0,38.0,206.0,18.0,38.0,206.0,17.0,38.0,206.0,17.0,38.0,206.0,17.0,38.0,206.0,19.0,38.0,220.0,74.0,33.0,206.0,19.0,38.0,206.0,17.0,38.0,206.0,17.0,38.0,213.0,48.0,35.0,250.0,200.0,23.0,213.0,48.0,35.0,206.0,17.0,38.0,206.0,17.0,38.0,208.0,25.0,37.0,225.0,95.0,32.0,208.0,25.0,37.0,206.0,17.0,38.0,206.0,17.0,38.0,206.0,17.0,38.0,206.0,17.0,38.0,206.0,17.0,38.0,206.0,17.0,38.0
vu,134.0,42.0,22.0,208.0,16.0,51.0,210.0,16.0,52.0,210.0,16.0,52.0,210.0,16.0,52.0,60.0,48.0,2.0,119.0,50.0,16.0,200.0,15.0,50.0,210.0,16.0,52.0,210.0,16.0,52.0,90.0,74.0,6.0,45.0,37.0,0.0,95.0,77.0,4.0,78.0,63.0,6.0,78.0,63.0,6.0,47.0,38.0,1.0,56.0,90.0,20.0,0.0,142.0,64.0,0.0,149.0,67.0,0.0,149.0,67.0,44.0,99.0,29.0,0.0,147.0,66.0,0.0,149.0,67.0,0.0,149.0,67.0,0.0,149.0,67.0
ws,6.0,58.0,131.0,21.0,70.0,138.0,105.0,34.0,90.0,210.0,16.0,52.0,210.0,16.0,52.0,6.0,58.0,131.0,10.0,61.0,133.0,105.0,34.0,90.0,210.0,16.0,52.0,210.0,16.0,52.0,105.0,35.0,90.0,120.0,47.0,98.0,158.0,25.0,71.0,210.0,16.0,52.0,210.0,16.0,52.0,210.0,16.0,52.0,210.0,16.0,52.0,210.0,16.0,52.0,210.0,16.0,52.0,210.0,16.0,52.0,210.0,16.0,52.0,210.0,16.0,52.0,210.0,16.0,52.0,210.0,16.0,52.0,210.0,16.0,52.0
ye,239.0,43.0,45.0,239.0,43.0,45.0,239.0,43.0,45.0,239.0,43.0,45.0,239.0,43.0,45.0,244.0,114.0,116.0,244.0,114.0,116.0,244.0,114.0,116.0,244.0,114.0,116.0,244.0,114.0,116.0,255.0,255.0,255.0,255.0,255.0,255.0,255.0,255.0,255.0,255.0,255.0,255.0,255.0,255.0,255.0,85.0,85.0,85.0,85.0,85.0,85.0,85.0,85.0,85.0,85.0,85.0,85.0,85.0,85.0,85.0,0.0,0.0,0.0,0.0,0.0,0.0,0.0,0.0,0.0,0.0,0.0,0.0,0.0,0.0,0.0
za,40.0,139.0,97.0,195.0,135.0,118.0,226.0,61.0,40.0,226.0,61.0,40.0,226.0,61.0,40.0,81.0,80.0,22.0,40.0,139.0,97.0,196.0,145.0,130.0,235.0,125.0,111.0,235.0,125.0,111.0,0.0,0.0,0.0,101.0,116.0,39.0,0.0,124.0,89.0,1.0,125.0,90.0,1.0,125.0,90.0,81.0,80.0,22.0,40.0,139.0,97.0,101.0,131.0,174.0,92.0,103.0,178.0,92.0,103.0,178.0,40.0,139.0,97.0,88.0,118.0,168.0,12.0,28.0,140.0,12.0,28.0,140.0,12.0,28.0,140.0
zm,25.0,138.0,0.0,25.0,138.0,0.0,25.0,138.0,0.0,66.0,129.0,0.0,83.0,126.0,0.0,25.0,138.0,0.0,25.0,138.0,0.0,25.0,138.0,0.0,53.0,119.0,2.0,72.0,117.0,0.0,25.0,138.0,0.0,25.0,138.0,0.0,25.0,138.0,0.0,139.0,51.0,10.0,140.0,73.0,0.0,25.0,138.0,0.0,25.0,138.0,0.0,25.0,138.0,0.0,139.0,51.0,10.0,140.0,73.0,0.0,25.0,138.0,0.0,25.0,138.0,0.0,25.0,138.0,0.0,139.0,51.0,10.0,140.0,73.0,0.0
zw,133.0,175.0,89.0,108.0,164.0,6.0,108.0,164.0,6.0,108.0,164.0,6.0,108.0,164.0,6.0,239.0,211.0,181.0,227.0,125.0,28.0,236.0,108.0,9.0,236.0,108.0,9.0,236.0,108.0,9.0,240.0,181.0,91.0,158.0,115.0,107.0,63.0,9.0,5.0,63.0,9.0,5.0,63.0,9.0,5.0,241.0,227.0,194.0,227.0,125.0,28.0,236.0,108.0,9.0,236.0,108.0,9.0,236.0,108.0,9.0,133.0,175.0,89.0,108.0,164.0,6.0,108.0,164.0,6.0,108.0,164.0,6.0,108.0,164.0,6.0
